INSERT INTO new.cities (id, title, description, h1, galery, url, lang, name, previewImage, mainImage, popular) VALUES (135, 'Visites guidées de St-Pétersbourg en français', 'Des visites insolites de St Pétersbourg en français. Des visites sur meusure ou en petit groupe. Le meilleur rapport qualité/prix.', 'Visites guidées de St-Pétersbourg', '["/image/fr/saint-petersbourg/galery/galery-saint-petersbourg0.jpg","/image/fr/saint-petersbourg/galery/galery-saint-petersbourg1.jpg","/image/fr/saint-petersbourg/galery/galery-saint-petersbourg2.jpg","/image/fr/saint-petersbourg/galery/galery-saint-petersbourg3.jpg"]', 'saint-petersbourg', 'fr', 'Saint-Pétersbourg', '/image/fr/saint-petersbourg/preview-saint-petersbourg.jpg', '/image/fr/saint-petersbourg/main-saint-petersbourg.jpg', 'true');
INSERT INTO new.exc_category (id, exc_id, data_id) VALUES (1, 13, 8);
INSERT INTO new.exc_category (id, exc_id, data_id) VALUES (2, 14, 10);
INSERT INTO new.exc_category (id, exc_id, data_id) VALUES (3, 15, 8);
INSERT INTO new.exc_category (id, exc_id, data_id) VALUES (4, 16, 11);
INSERT INTO new.exc_category (id, exc_id, data_id) VALUES (5, 17, 11);
INSERT INTO new.exc_category (id, exc_id, data_id) VALUES (6, 18, 11);
INSERT INTO new.exc_category (id, exc_id, data_id) VALUES (7, 19, 6);
INSERT INTO new.exc_category (id, exc_id, data_id) VALUES (8, 20, 8);
INSERT INTO new.exc_category (id, exc_id, data_id) VALUES (9, 21, 7);
INSERT INTO new.exc_category (id, exc_id, data_id) VALUES (10, 22, 8);
INSERT INTO new.exc_category (id, exc_id, data_id) VALUES (11, 23, 8);
INSERT INTO new.exc_category (id, exc_id, data_id) VALUES (12, 24, 7);
INSERT INTO new.exc_category (id, exc_id, data_id) VALUES (13, 25, 6);
INSERT INTO new.exc_category (id, exc_id, data_id) VALUES (14, 26, 7);
INSERT INTO new.exc_category (id, exc_id, data_id) VALUES (15, 27, 7);
INSERT INTO new.exc_category (id, exc_id, data_id) VALUES (16, 28, 6);
INSERT INTO new.exc_category (id, exc_id, data_id) VALUES (17, 29, 6);
INSERT INTO new.exc_category (id, exc_id, data_id) VALUES (18, 30, 6);
INSERT INTO new.exc_category (id, exc_id, data_id) VALUES (19, 31, 7);
INSERT INTO new.exc_category (id, exc_id, data_id) VALUES (20, 32, 7);
INSERT INTO new.exc_category (id, exc_id, data_id) VALUES (21, 33, 8);
INSERT INTO new.exc_category (id, exc_id, data_id) VALUES (22, 34, 7);
INSERT INTO new.exc_category (id, exc_id, data_id) VALUES (23, 35, 6);
INSERT INTO new.exc_category (id, exc_id, data_id) VALUES (24, 36, 6);
INSERT INTO new.exc_category (id, exc_id, data_id) VALUES (25, 37, 6);
INSERT INTO new.exc_category (id, exc_id, data_id) VALUES (26, 38, 6);
INSERT INTO new.exc_category (id, exc_id, data_id) VALUES (27, 39, 6);
INSERT INTO new.exc_category (id, exc_id, data_id) VALUES (28, 40, 6);
INSERT INTO new.exc_category (id, exc_id, data_id) VALUES (29, 41, 1);
INSERT INTO new.exc_category (id, exc_id, data_id) VALUES (30, 42, 1);
INSERT INTO new.exc_category (id, exc_id, data_id) VALUES (31, 43, 1);
INSERT INTO new.exc_category (id, exc_id, data_id) VALUES (32, 44, 1);
INSERT INTO new.exc_category (id, exc_id, data_id) VALUES (33, 45, 1);
INSERT INTO new.exc_category (id, exc_id, data_id) VALUES (34, 46, 1);
INSERT INTO new.exc_category (id, exc_id, data_id) VALUES (35, 47, 1);
INSERT INTO new.exc_category (id, exc_id, data_id) VALUES (36, 48, 1);
INSERT INTO new.exc_category (id, exc_id, data_id) VALUES (37, 49, 1);
INSERT INTO new.exc_category (id, exc_id, data_id) VALUES (38, 50, 9);
INSERT INTO new.exc_category (id, exc_id, data_id) VALUES (39, 51, 9);
INSERT INTO new.exc_category (id, exc_id, data_id) VALUES (42, 52, 9);
INSERT INTO new.exc_category (id, exc_id, data_id) VALUES (126, 16, 7);
INSERT INTO new.exc_category (id, exc_id, data_id) VALUES (127, 17, 7);
INSERT INTO new.exc_category (id, exc_id, data_id) VALUES (128, 18, 7);
INSERT INTO new.exc_category (id, exc_id, data_id) VALUES (129, 21, 12);
INSERT INTO new.exc_category (id, exc_id, data_id) VALUES (130, 24, 3);
INSERT INTO new.exc_category (id, exc_id, data_id) VALUES (131, 24, 5);
INSERT INTO new.exc_category (id, exc_id, data_id) VALUES (132, 26, 3);
INSERT INTO new.exc_category (id, exc_id, data_id) VALUES (133, 27, 2);
INSERT INTO new.exc_category (id, exc_id, data_id) VALUES (134, 32, 2);
INSERT INTO new.exc_category (id, exc_id, data_id) VALUES (135, 34, 2);
INSERT INTO new.exc_category (id, exc_id, data_id) VALUES (136, 34, 11);
INSERT INTO new.exc_category (id, exc_id, data_id) VALUES (137, 17, 2);
INSERT INTO new.exc_category_data (id, name, url, h1, title, description, previewImage, popular) VALUES (1, 'Tours de ville', 'tours-de-ville', 'Tours de ville à Saint-Pétersbourg', 'Tours de ville à Saint-Pétersbourg', 'Tours de ville à St-Pétersbourg avec des guides francophones, sur mesure ou en mini-groupe, le meilleur rapport qualité-prix.', '/image/fr/saint-petersbourg/eglise-bois-pokrovskaia/preview-eglise-bois-pokrovskaia.jpg', 'false');
INSERT INTO new.exc_category_data (id, name, url, h1, title, description, previewImage, popular) VALUES (2, 'Pavlovsk', 'pavlovsk', 'Visite de la ville de Pavlovsk', 'Visite guidée de la ville de Pavlovsk', 'Visites insolites à Pavlovsk. Des visites sur mesure ou en mini-groupe. Le meilleur rapport qualité/prix.', '/image/fr/saint-petersbourg/visite-parc-catherine-tsarskoie-selo/preview-visite-parc-catherine-tsarskoie-selo.jpg', 'true');
INSERT INTO new.exc_category_data (id, name, url, h1, title, description, previewImage, popular) VALUES (3, 'Peterhof', 'petergof', 'Visite de la ville de Peterhof', 'Visite guidée de la ville de Peterhof avec un guide francophone', 'Visites insolites à Peterhof. Des visites sur mesure ou en mini-groupe. Le meilleur rapport qualité/prix.', '/image/fr/saint-petersbourg/musee-appartement-fiodor-dostoievski/preview-musee-appartement-fiodor-dostoievski.jpg', 'true');
INSERT INTO new.exc_category_data (id, name, url, h1, title, description, previewImage, popular) VALUES (4, 'All', 'all', 'All', 'All', 'All', '/image/fr/saint-petersbourg/saint-petersbourg-comme-vous-habitez/preview-saint-petersbourg-comme-vous-habitez.jpg', 'false');
INSERT INTO new.exc_category_data (id, name, url, h1, title, description, previewImage, popular) VALUES (5, 'Kronstadt', 'kronstadt', 'Visite de la ville de Kronstadt', 'Visite guidée de la ville de Kronstadt', 'Visites insolites à Kronstadt. Des visites sur mesure ou en mini-groupe. Le meilleur rapport qualité/prix.', '/image/fr/saint-petersbourg/saint-petersbourg-comme-vous-habitez/preview-saint-petersbourg-comme-vous-habitez.jpg', 'true');
INSERT INTO new.exc_category_data (id, name, url, h1, title, description, previewImage, popular) VALUES (6, 'Visite des musées', 'visite-musees', 'Visite des musées de St Pétersbourg avec un guide francophone', 'Musées de St Pétersbourg: Visites guidées en français', 'Les melleurs musées de St Pétersbourg. Des guides francophones. Des visites sur mesure ou en mini groupe. Le meilleur rapport qualité/prix.', '/image/fr/saint-petersbourg/saint-petersbourg-comme-vous-habitez/preview-saint-petersbourg-comme-vous-habitez.jpg', 'false');
INSERT INTO new.exc_category_data (id, name, url, h1, title, description, previewImage, popular) VALUES (7, 'En dehors de la ville', 'dehors-de-ville', 'Visites guidées "Autour de Saint-Pétersbourg"', 'Visites guidées de la banlieu de St-Pétersbourg', 'Visites guidées "Autour de St Pétersbourg". Des visites sur mesure ou en petit groupe. Des guides francophones. Le meilleur rapport qualité-prix.', '/image/fr/saint-petersbourg/saint-petersbourg-comme-vous-habitez/preview-saint-petersbourg-comme-vous-habitez.jpg', 'false');
INSERT INTO new.exc_category_data (id, name, url, h1, title, description, previewImage, popular) VALUES (8, 'En dehors des sentiers battus', 'dehors-sentiers-battus', 'En dehors des sentiers battus', 'Visites insolites et alternatives à St-Pétersbourg', 'Visites insolites et alternatives à St Pétersbourg.  Une visite sur mesure ou en petit groupe. Des guides francophones. Le meilleur rapport qualité-prix.', '/image/fr/saint-petersbourg/saint-petersbourg-comme-vous-habitez/preview-saint-petersbourg-comme-vous-habitez.jpg', 'false');
INSERT INTO new.exc_category_data (id, name, url, h1, title, description, previewImage, popular) VALUES (9, 'Promenades en ville à pied', 'promenades-ville-pied', 'Promenades pédestres à St-Pétersbourg', 'Saint-Pétersbourg: Visites à pied ', 'Visites à pied pour découvrir Saint - Pétersbourg. Des visites sur mesure ou en petit groupe. Le meilleur rapport qualité/prix. ', '/image/fr/saint-petersbourg/saint-petersbourg-comme-vous-habitez/preview-saint-petersbourg-comme-vous-habitez.jpg', 'false');
INSERT INTO new.exc_category_data (id, name, url, h1, title, description, previewImage, popular) VALUES (10, 'Veliky Novgorod', 'veliky-novgorod', 'Visite de la ville de Veliki Novgorod', 'Visite guidée de la ville de Veliki Novgorod', 'Profitez de cette visite insolite et découvrez la ville de Veliki Novgorod en compagnie d''un guide francophone.  Une visite sur mesure ou en mini-groupe. Le meilleur rapport qualité/prix.', '/image/fr/saint-petersbourg/saint-petersbourg-comme-vous-habitez/preview-saint-petersbourg-comme-vous-habitez.jpg', 'true');
INSERT INTO new.exc_category_data (id, name, url, h1, title, description, previewImage, popular) VALUES (11, 'Tsarskoïe Selo', 'tsarskoie-selo', 'Visite guidée de Tsarskoïe selo (Pouchkine)', 'Visite guidée de la ville de Tsarskoïe selo (Pouchkine) ', 'Visite guidée de la ville de Tsarskoïe selo (Pouchkine). Une visite sur mesure ou en mini-groupe. Le meilleur rapport qualité/prix.', '/image/fr/saint-petersbourg/saint-petersbourg-comme-vous-habitez/preview-saint-petersbourg-comme-vous-habitez.jpg', 'true');
INSERT INTO new.exc_category_data (id, name, url, h1, title, description, previewImage, popular) VALUES (12, 'Ladoga', 'ladoga', 'Visites du lac Ladoga', 'Visites guidées du lac Ladoga', 'Visites insolites du lac Ladoga. Des visites sur mesure ou en mini-groupe. Le meilleur rapport qualité/prix.', '/image/fr/saint-petersbourg/saint-petersbourg-comme-vous-habitez/preview-saint-petersbourg-comme-vous-habitez.jpg', 'true');
INSERT INTO new.excursion (id, city_id, url, popular, h1, title, description, name, detailText, included, excluded, groupSize, price, time, timeGroup, mainImage, previewImage, galery, priceList, pricePerPerson) VALUES (13, 135, 'visite-du-bania', null, 'Visite du bania ', 'Visite du bania à St-Pétersbourg', 'Visite du bania russe traditionnel à St-Pétersbourg. Découvrez son histoire et ses traditions:', 'Visite du bania', '<p>Allez découvrir le vrai banya pour vous sentir russe lors de votre séjour à Saint-Pétersbourg! Une visite au bain russe sera une expérience inoubliable et l’occasion de diversifier le programme touristique standard avec une aventure inhabituelle.</p>
<p>Le bain russe est une tradition ancienne qui est aimée et respectée dans notre pays. Vous pourrez visiter le bain privé située dans une maison en bois. La température à l''intérieur peut atteindre 100 degrés.</p>

<h3>Comment se baigner dans le bania?</h3>
<p>Il faudra rester à l’intérieur pendant 3 à 5 minutes pour laisser les pores de la peau s''ouvrir. Vous pourrez légèrement fouetter le corps avec un « venik » (des branches séchées de chêne ou de bouleau) pour améliorer la circulation sanguine. Ensuite, vous devrez vous plonger dans le bassin d’eau froide ou vous rincer avec une douche froide. Il faudra répéter cette procédure plusieurs fois. Après le bain, vous vous sentirez rafraîchi et plein d’énergie! Pendant les pauses, il est agréable de boire du thé chaud ou du kvas pour tonifier le corps de l''intérieur.</p>

<h3>Recommandations:</h3>
<p>Si vous souhaitez mieux comprendre la procédure, nous vous conseillons de réserver 1 ou 2 fouettages de plus (20 euros par personne pour une session).
	N''oubliez pas de prendre un maillot de bain.</p>
', '["2 heures au bania (sans un guide)","“Fouettage” de 3-5 minutes par personne","Transfert aller-retour","Des serviettes de bain; des draps et des pantoufles"]', '', 6, 20, '4', '1', '/image/fr/saint-petersbourg/visite-du-bania/main-visite-du-bania.jpg', '/image/fr/saint-petersbourg/visite-du-bania/preview-visite-du-bania.jpg', '["/image/fr/saint-petersbourg/visite-du-bania/galery/galery-visite-du-bania0.jpg","/image/fr/saint-petersbourg/visite-du-bania/galery/galery-visite-du-bania1.jpg","/image/fr/saint-petersbourg/visite-du-bania/galery/galery-visite-du-bania2.jpg","/image/fr/saint-petersbourg/visite-du-bania/galery/galery-visite-du-bania3.jpg"]', '["10","11","12","13","122","-","121",""]', 4);
INSERT INTO new.excursion (id, city_id, url, popular, h1, title, description, name, detailText, included, excluded, groupSize, price, time, timeGroup, mainImage, previewImage, galery, priceList, pricePerPerson) VALUES (14, 135, 'visite-veliky-vovgorod', null, 'Visite guidée de la ville de Veliki Novgorod', 'Visite guidée de la ville de Veliki Novgorod', 'Visite guidée de la ville de Veliki Novgorod. Une visite sur mesure ou en petit groupe. Des guides francophones. Le meilleur rapport qualité-prix.', 'Visite de Veliky Novgorod', '<b>À noter: L’office se déroule que les dimanches matin et à l''intérieur de l’église, il est demandé aux femmes de se couvrir la tête et les photos à l''intérieur sont interdites.</b>
<p>Pourquoi vaut-il la peine de visiter Veliky Novgorod? Parce que c’est là que la Russie a commencé il y a plusieurs siècles. La ville abrite de nombreux objets culturels qu''il sera intéressant de voir pour ceux qui veulent en savoir plus sur l''histoire de notre pays.</p>
<p>La ville ancienne est située à deux cents kilomètres de Saint-Pétersbourg. Là vous pourrez vous plonger dans l’atmosphère de la Russie provinciale complètement différente, où le temps semble s''être arrêté. Entourée de paysages magnifiques, la ville abrite d’importants monuments d’architecture et de nombreuses églises.</p>
<h2>Qu’est-ce que nous verrons ?</h2>
<p><b>Kremlin.</b> Le coeur et le bijou architectural principal de la ville. La première mention de cet ancien bâtiment fait référence au XIème siècle. Ses murs rappellent de nombreux événements importants liés à la fondation et au développement historique de l''ancien État russe.</p>
<p><b>Monument du Millénaire de la Russie.</b> Ce monument en bronze en forme de cloche raconte symboliquement les principaux moments historiques qui se sont déroulés en Russie depuis mille ans.</p>
<p><b>Cathédrale Sainte-Sophie Sagesse de Dieu.</b> Vous verrez la magnifique église du 11ème siècle, un grand bâtiment blanc comme neige, de forme simple et surmonté de six dômes. À l''intérieur, l''église est décorée de fresques uniques et l''iconostase renferme de précieuses icônes du 15ème au 17ème siècle.</p>
<p><b>Cour de Yaroslav.</b> Vous pourrez visiter l''ancien complexe commercial, où des marchands de différents pays organisaient de riches foires. A l’époque c’était la place la plus agitée de la ville. Sur son territoire, il y a de nombreuses églises, et si vous montez sur la terrasse d''observation de Gostiny Dvor, vous pourrez admirer le magnifique panorama de la ville.</p>
<p><b>Vitoslavlitsy.</b> C''est un musée d''architecture en bois, situé dans un petit village près de Novgorod. Vous pourrez voir 26 structures en bois uniques (isbas, églises, chapelles) en plein air et découvrir comment les simples paysans vivaient il y a des centaines d''années. Le musée retrace la vie des anciens Novgorodiens: vous découvrirez à quoi ressemblaient leurs meubles, leurs vêtements et leurs ustensiles de ménage.</p>
<p>Cette excursion diversifie parfaitement votre voyage à Saint-Pétersbourg et vous donnera beaucoup de nouvelles impressions, grâce à un changement total de l’entourage et à une immersion dans le passé historique de la Russie.</p>', '', '', 15, 10, '8', '12', '/image/fr/saint-petersbourg/visite-veliky-vovgorod/main-visite-veliky-vovgorod.jpg', '/image/fr/saint-petersbourg/visite-veliky-vovgorod/preview-visite-veliky-vovgorod.jpg', '["/image/fr/saint-petersbourg/visite-veliky-vovgorod/galery/galery-visite-veliky-vovgorod0.jpg","/image/fr/saint-petersbourg/visite-veliky-vovgorod/galery/galery-visite-veliky-vovgorod1.jpg","/image/fr/saint-petersbourg/visite-veliky-vovgorod/galery/galery-visite-veliky-vovgorod2.jpg","/image/fr/saint-petersbourg/visite-veliky-vovgorod/galery/galery-visite-veliky-vovgorod3.jpg","/image/fr/saint-petersbourg/visite-veliky-vovgorod/galery/galery-visite-veliky-vovgorod4.jpg","/image/fr/saint-petersbourg/visite-veliky-vovgorod/galery/galery-visite-veliky-vovgorod5.jpg","/image/fr/saint-petersbourg/visite-veliky-vovgorod/galery/galery-visite-veliky-vovgorod6.jpg"]', '["12","54","87","98","65","-","12",""]', 4);
INSERT INTO new.excursion (id, city_id, url, popular, h1, title, description, name, detailText, included, excluded, groupSize, price, time, timeGroup, mainImage, previewImage, galery, priceList, pricePerPerson) VALUES (15, 135, 'visite-datcha-russe-dejeuner-convivial', 'true', 'Visite d''une datcha à St-Pétersbourg', 'Visite d''une datcha russe à Saint-Pétersbourg', 'Visitez une datcha russe à Saint-Pétersbourg, découvrez la vie auotidienne des locauw et dégustez le repas fait maison', 'Visite d’une datcha russe', '<p>Sentez-vous comme un vrai Russe - venez découvrir la datcha! En Russie beaucoup de gens ont une maison de campagne au milieu d''une nature magnifique. Pour nous, c''est une place primordiale pour s’éloigner de l’agitation de la ville et un lieu de rencontre avec la famille. Passez une journée à la vraie datcha avec des hôtes russes accueillants pour apporter une expérience inoubliable à votre voyage.</p>
<p>Accompagnés de notre guide francophone, vous vous rendrez à Priozersk, une ville située à une heure et demie de route de Saint-Pétersbourg. Là, vous rencontrerez la famille russe dans leur maison de campagne. Vous verrez comment les locaux passent leur temps en dehors la ville, quels légumes et quels fruits poussent dans leurs potagers.</p>
<p>Ensuite vous aurez un déjeuner convivial fait maison composé de plats russes traditionnels (crêpes, pommes de terre à la russe, chachliks (brochettes de viande marinée et grillée), vodka, etc.). À la table, vous aurez l''occasion de discuter des particularités des traditions russes et de poser toutes les questions qui vous intéressent aux représentants de la culture.</p>

<h3>Quand puis-je aller à la datcha?</h3>
<p>Un voyage à la datcha est possible à tout moment de l''année! En hiver comme en été, vous trouverez ici des animations à votre goût : que ce soit une réunion chaleureuse dans une maison chaude pendant la période froide ou une visite des jardins et des environs en été. Pendant la période froide, le déjeuner sera à l''intérieur et en été il aura lieu en plein air.</p>', '', '', 8, 10, '2-3', '13', '/image/fr/saint-petersbourg/visite-datcha-russe-dejeuner-convivial/main-visite-datcha-russe-dejeuner-convivial.jpg', '/image/fr/saint-petersbourg/visite-datcha-russe-dejeuner-convivial/preview-visite-datcha-russe-dejeuner-convivial.jpg', '["/image/fr/saint-petersbourg/visite-datcha-russe-dejeuner-convivial/galery/galery-visite-datcha-russe-dejeuner-convivial0.jpg","/image/fr/saint-petersbourg/visite-datcha-russe-dejeuner-convivial/galery/galery-visite-datcha-russe-dejeuner-convivial1.jpg","/image/fr/saint-petersbourg/visite-datcha-russe-dejeuner-convivial/galery/galery-visite-datcha-russe-dejeuner-convivial2.jpg","/image/fr/saint-petersbourg/visite-datcha-russe-dejeuner-convivial/galery/galery-visite-datcha-russe-dejeuner-convivial3.jpg","/image/fr/saint-petersbourg/visite-datcha-russe-dejeuner-convivial/galery/galery-visite-datcha-russe-dejeuner-convivial4.jpg","/image/fr/saint-petersbourg/visite-datcha-russe-dejeuner-convivial/galery/galery-visite-datcha-russe-dejeuner-convivial5.jpg"]', '["12","54","87","98","65","-","12",""]', 4);
INSERT INTO new.excursion (id, city_id, url, popular, h1, title, description, name, detailText, included, excluded, groupSize, price, time, timeGroup, mainImage, previewImage, galery, priceList, pricePerPerson) VALUES (16, 135, 'visite-palais-catherine-tsarskoie-selo', 'false', 'Visite du Palais Catherine et de le ville de Pouchkine (Tsarskoïe selo)', 'Visite guidée du Palais Catherine et de le ville de Pouchkine', 'Visite guidée du Palais Catherine et de le ville de Pouchkine (Tsarskoïe selo). Une visite sur mesure ou en petit groupe. Des guides francophones. Le meilleur rapport qualité-prix.', 'Visite du Palais Catherine', '<h3>À noter! La visite est possible à tout moment de la journée, prévoyez une soirée libre</h3>

<p>Est-ce que vous voulez vous plonger dans l''atmosphère du luxe impérial et voir comment vivaient les monarques russes? Alors, ne manquez pas la visite au Palais Catherine, ancienne résidence d’été des tsars russes. Il est situé dans la ville de Pouchkine, sur le territoire du musée-réserve Tsarskoïe Selo.</p>
<p>Au cours de l''excursion avec notre guide francophone expérimenté, vous visiterez l''un des plus beaux palais de la Russie, l’œuvre de l''architecte Rastrelli. Vous verrez des salles de bal luxueuses, des intérieurs splendides et, bien sûr, la célèbre Chambre d’Ambre, chef-d’œuvre de l’art (la salle aux murs ornés de panneaux d’ambre). Malheureusement, la chambre d''origine a été complètement perdue pendant la Seconde Guerre mondiale, mais même restaurée elle est frappante par sa magnificence.</p>
<p>En plus de l’excursion au musée, vous aurez également l’occasion de vous promener dans le parc enchanteur, dont les étendues offrent une vue imprenable sur le lac et la façade bleu ciel de l’ensemble architectural.</p>

<h3>L’avantage de partir en excursion avec nous?</h3>
<p>Une excursion individuelle avec un guide qualifié et expérimenté sera beaucoup plus informative qu''une visite indépendante. Vous pourrez toujours obtenir des réponses à toutes les questions qui vous intéressent, ainsi que de nombreuses informations pratiques sur la ville, qui vous seront utiles pour continuer le séjour.</p>', '', '', 15, 10, '4-5', '14', '/image/fr/saint-petersbourg/visite-palais-catherine-tsarskoie-selo/main-visite-palais-catherine-tsarskoie-selo.jpg', '/image/fr/saint-petersbourg/visite-palais-catherine-tsarskoie-selo/preview-visite-palais-catherine-tsarskoie-selo.jpg', '["/image/fr/saint-petersbourg/visite-palais-catherine-tsarskoie-selo/galery/galery-visite-palais-catherine-tsarskoie-selo0.jpg","/image/fr/saint-petersbourg/visite-palais-catherine-tsarskoie-selo/galery/galery-visite-palais-catherine-tsarskoie-selo1.jpg","/image/fr/saint-petersbourg/visite-palais-catherine-tsarskoie-selo/galery/galery-visite-palais-catherine-tsarskoie-selo2.jpg","/image/fr/saint-petersbourg/visite-palais-catherine-tsarskoie-selo/galery/galery-visite-palais-catherine-tsarskoie-selo3.jpg","/image/fr/saint-petersbourg/visite-palais-catherine-tsarskoie-selo/galery/galery-visite-palais-catherine-tsarskoie-selo4.jpg","/image/fr/saint-petersbourg/visite-palais-catherine-tsarskoie-selo/galery/galery-visite-palais-catherine-tsarskoie-selo5.jpg","/image/fr/saint-petersbourg/visite-palais-catherine-tsarskoie-selo/galery/galery-visite-palais-catherine-tsarskoie-selo6.jpg","/image/fr/saint-petersbourg/visite-palais-catherine-tsarskoie-selo/galery/galery-visite-palais-catherine-tsarskoie-selo7.jpg","/image/fr/saint-petersbourg/visite-palais-catherine-tsarskoie-selo/galery/galery-visite-palais-catherine-tsarskoie-selo8.jpg","/image/fr/saint-petersbourg/visite-palais-catherine-tsarskoie-selo/galery/galery-visite-palais-catherine-tsarskoie-selo9.jpg","/image/fr/saint-petersbourg/visite-palais-catherine-tsarskoie-selo/galery/galery-visite-palais-catherine-tsarskoie-selo10.jpg","/image/fr/saint-petersbourg/visite-palais-catherine-tsarskoie-selo/galery/galery-visite-palais-catherine-tsarskoie-selo11.jpg","/image/fr/saint-petersbourg/visite-palais-catherine-tsarskoie-selo/galery/galery-visite-palais-catherine-tsarskoie-selo12.jpg","/image/fr/saint-petersbourg/visite-palais-catherine-tsarskoie-selo/galery/galery-visite-palais-catherine-tsarskoie-selo13.jpg"]', '["12","54","87","11","65","-","12",""]', 4);
INSERT INTO new.excursion (id, city_id, url, popular, h1, title, description, name, detailText, included, excluded, groupSize, price, time, timeGroup, mainImage, previewImage, galery, priceList, pricePerPerson) VALUES (17, 135, 'visite-parc-tsarskoie-selo-pavlovsk', 'true', 'Visite du parc Pouchkine et Pavlovsk', 'Visite guidée du parc Pouchkine et Pavlovsk', 'Visite guidée du parc Pouchkine et Pavlovsk. Une visite sur mesure ou en petit groupe. Des guides francophones. Le meilleur rapport qualité-prix.', 'Visite du Parc de Tsarskoïe Selo et de Pavlovsk', '<p>La visite suggère les excursions au Parc Catherine de Tsarskoïe Selo (Pouchkine) et au palais de Pavlovsk (Pavlovsk). Accompagné de notre guide francophone, vous pourrez visiter deux magnifiques palais et parcs en une journée et vous plonger dans l''ère de la Russie impériale. Cette visite est idéale pour ceux qui veulent couvrir le maximum d''attractions lors d''un voyage à Saint-Pétersbourg.</p>
<p>Le Parc Catherine c''est 200 hectares de jardins luxuriants bien entretenus, d''allées, de chemins, de charmantes compositions architecturales et sculpturales. Vous pourrez vous promener le long de magnifiques paysages et admirer la magnificence de l''ensemble du palais, ainsi que la vue romantique sur le lac. Pendant la visite, le guide francophone vous racontera de nombreux faits intéressants sur l''histoire de Tsarskoïe Selo et sur des personnalités dont les noms sont étroitement liés à cette ancienne résidence impériale.</p>
<p>Le palais de Pavlovsk a moins souffert de la Seconde Guerre mondiale et a réussi à préserver ses intérieurs d''origine. Ici vous pourrez voir les salons authentiques de la famille impériale, des salles d’apparat luxueuses, une bibliothèque et des cabinets, dont la riche décoration reflète les goûts de l’époque (fin du 18ème siècle). Dehors, le palais se distingue par sa modestie et son harmonie de forme. La belle façade dorée se cache parmi les étendues vertes d''un parc calme et magnifique, sur le territoire duquel vous pourrez également vous promener pendant la visite.</p>
<p>En hiver, à Pavlovsk vous pourrez aussi faire une promenade en traîneau (en troïka) pour vous sentir comme un véritable noble ou héros des romans des écrivains russes.</p>
<h3>L’avantage de partir en excursion avec nous?</h3>
<p>Une excursion individuelle avec un guide qualifié et expérimenté sera beaucoup plus informative qu''une visite indépendante. Vous pourrez toujours obtenir des réponses à toutes les questions qui vous intéressent, ainsi que de nombreuses informations pratiques sur la ville, qui vous seront utiles pour continuer le séjour.</p>', '', '', 15, 10, '6', '2', '/image/fr/saint-petersbourg/visite-parc-tsarskoie-selo-pavlovsk/main-visite-parc-tsarskoie-selo-pavlovsk.jpg', '/image/fr/saint-petersbourg/visite-parc-tsarskoie-selo-pavlovsk/preview-visite-parc-tsarskoie-selo-pavlovsk.jpg', '["/image/fr/saint-petersbourg/visite-parc-tsarskoie-selo-pavlovsk/galery/galery-visite-parc-tsarskoie-selo-pavlovsk0.jpg","/image/fr/saint-petersbourg/visite-parc-tsarskoie-selo-pavlovsk/galery/galery-visite-parc-tsarskoie-selo-pavlovsk1.jpg","/image/fr/saint-petersbourg/visite-parc-tsarskoie-selo-pavlovsk/galery/galery-visite-parc-tsarskoie-selo-pavlovsk2.jpg","/image/fr/saint-petersbourg/visite-parc-tsarskoie-selo-pavlovsk/galery/galery-visite-parc-tsarskoie-selo-pavlovsk3.jpg","/image/fr/saint-petersbourg/visite-parc-tsarskoie-selo-pavlovsk/galery/galery-visite-parc-tsarskoie-selo-pavlovsk4.jpg","/image/fr/saint-petersbourg/visite-parc-tsarskoie-selo-pavlovsk/galery/galery-visite-parc-tsarskoie-selo-pavlovsk5.jpg"]', '["12","54","87","98","65","-","12",""]', 4);
INSERT INTO new.excursion (id, city_id, url, popular, h1, title, description, name, detailText, included, excluded, groupSize, price, time, timeGroup, mainImage, previewImage, galery, priceList, pricePerPerson) VALUES (18, 135, 'visite-parc-catherine-tsarskoie-selo', null, 'Visite du parc Tsarskoïe selo (Pouchkine)', 'Visite guidée du parc Pouchkine ( Tsarskoïe selo )', 'Visite guidée du parc Pouchkine ( Tsarskoïe selo ). Une visite sur mesure ou en petit groupe. Des guides francophones. Le meilleur rapport qualité-prix.', 'Visite du Parc Catherine', '<p>Le Parc Catherine c''est 200 hectares de jardins luxuriants bien entretenus, d''allées, de chemins, de charmantes compositions architecturales et sculpturales. Vous pourrez vous promener le long de magnifiques paysages et admirer la magnificence de l''ensemble du palais, ainsi que la vue romantique sur le lac. Pendant la visite, le guide francophone vous racontera de nombreux faits intéressants sur l''histoire de Tsarskoïe Selo et sur des personnalités dont les noms sont étroitement liés à cette ancienne résidence impériale.</p>
<h3>L’avantage de partir en excursion avec nous?</h3>
<p>Une excursion individuelle avec un guide qualifié et expérimenté sera beaucoup plus informative qu''une visite indépendante. Vous pourrez toujours obtenir des réponses à toutes les questions qui vous intéressent, ainsi que de nombreuses informations pratiques sur la ville, qui vous seront utiles pour continuer le séjour.</p>', '', '', 15, 60, '4', '21', '/image/fr/saint-petersbourg/visite-parc-catherine-tsarskoie-selo/main-visite-parc-catherine-tsarskoie-selo.jpg', '/image/fr/saint-petersbourg/visite-parc-catherine-tsarskoie-selo/preview-visite-parc-catherine-tsarskoie-selo.jpg', '["/image/fr/saint-petersbourg/visite-parc-catherine-tsarskoie-selo/galery/galery-visite-parc-catherine-tsarskoie-selo0.jpg","/image/fr/saint-petersbourg/visite-parc-catherine-tsarskoie-selo/galery/galery-visite-parc-catherine-tsarskoie-selo1.jpg","/image/fr/saint-petersbourg/visite-parc-catherine-tsarskoie-selo/galery/galery-visite-parc-catherine-tsarskoie-selo2.jpg","/image/fr/saint-petersbourg/visite-parc-catherine-tsarskoie-selo/galery/galery-visite-parc-catherine-tsarskoie-selo3.jpg","/image/fr/saint-petersbourg/visite-parc-catherine-tsarskoie-selo/galery/galery-visite-parc-catherine-tsarskoie-selo4.jpg"]', '["12","54","87","98","65","-","12",""]', 4);
INSERT INTO new.excursion (id, city_id, url, popular, h1, title, description, name, detailText, included, excluded, groupSize, price, time, timeGroup, mainImage, previewImage, galery, priceList, pricePerPerson) VALUES (19, 135, 'cathedrale-saint-isaac-sauveur-sang-verse', null, 'Visite guidée de la cathédrale Saint Isaac et l''église Saint Sauveur- Sur-Le-Sang-Versé', 'Visite guidée de la cathédrale Saint Isaac et l''église Saint Sauveur', 'Visite guidée de la cathédrale Saint Isaac et l''église Saint Sauveur. Une visite sur mesure ou en petit groupe. Des guides francophones. Le meilleur rapport qualité-prix.', 'La cathédrale Saint-Isaac avec sa coupole et l’église Saint-Sauveur', '<p>La cathédrale Saint-Isaac et la cathédrale Saint-Sauveur-sur-le-Sang-Versé sont deux chef-d’oeuvres architecturaux emblématiques de Saint-Pétersbourg, qui sont inclus dans le TOP des curiosités principales de la ville.</p>
<p>Pendant cette excursion avec notre guide francophone, vous visiterez la cathédrale Saint-Isaac de l''intérieur. C''est la plus grande église orthodoxe de Saint-Pétersbourg, pouvant accueillir simultanément plus de 10 000 personnes. Vous saurez combien d’années durait sa construction, quelles légendes entourent la personnalité de son architecte Auguste de Montferrand, combien de types de marbre sont utilisés dans la décoration du bâtiment, le symbolisme des sculptures qui ornent et bien d’autres faits intéressants.</p>
<p>Vous pourrez aussi monter sur sa colonnade. Il faudra surmonter plus de deux cents de marches, mais ça vaut le coup! La vue qui s''ouvre de cette plate-forme d''observation est digne des épithètes les plus fortes.</p>
<p>Ensuite, avec le guide, vous vous rendrez à l''église Saint-Sauveur-sur-le-Sang-Versé. Construite dans un style néo-russe, c''est la cathédrale la plus colorée de la ville. Vous découvrirez pourquoi elle s’appelle comme ça et vous verrez plus de 7 000 m2 de mosaïque unique recouvrant les murs du bâtiment de l''intérieur.</p>
<h3>Quel avantage fait une excursion avec nous?</h3>
<p>Une visite individuelle avec un guide qualifié sera beaucoup plus informative qu''une visite indépendante. Vous pourrez toujours obtenir des réponses à toutes vos questions d’un professionnel expérimenté et représentant de la culture russe.</p>
<p>En plus de l''histoire des musées, le guide pourra partager avec vous des informations pratiques sur la ville, qui seront utiles pour votre séjour.</p>', '', '', 15, 55, '3', '23', '/image/fr/saint-petersbourg/cathedrale-saint-isaac-sauveur-sang-verse/main-cathedrale-saint-isaac-sauveur-sang-verse.jpg', '/image/fr/saint-petersbourg/cathedrale-saint-isaac-sauveur-sang-verse/preview-cathedrale-saint-isaac-sauveur-sang-verse.jpg', '["/image/fr/saint-petersbourg/cathedrale-saint-isaac-sauveur-sang-verse/galery/galery-cathedrale-saint-isaac-sauveur-sang-verse0.jpg","/image/fr/saint-petersbourg/cathedrale-saint-isaac-sauveur-sang-verse/galery/galery-cathedrale-saint-isaac-sauveur-sang-verse1.jpg","/image/fr/saint-petersbourg/cathedrale-saint-isaac-sauveur-sang-verse/galery/galery-cathedrale-saint-isaac-sauveur-sang-verse2.jpg","/image/fr/saint-petersbourg/cathedrale-saint-isaac-sauveur-sang-verse/galery/galery-cathedrale-saint-isaac-sauveur-sang-verse3.jpg"]', '["12","54","87","98","65","-","111",""]', 4);
INSERT INTO new.excursion (id, city_id, url, popular, h1, title, description, name, detailText, included, excluded, groupSize, price, time, timeGroup, mainImage, previewImage, galery, priceList, pricePerPerson) VALUES (20, 135, 'toits-saint-petersbourg', null, 'Les toits de St Pétersbourg', 'Visite guidée des toits de St Pétersbourg', 'Profitez d''une vue imprenable sur la ville et ses incontournables. Une visite sur mesure ou en mini-groupe. Des guides francophones. Le meilleur rapport qualité/prix.', 'Toits de Saint-Pétersbourg', '<h3>À NOTER</h3>
<p><b>Vous monterez à pied au dernier étage puis vous passerez ensuite par une fenêtre étroite. L’excursion est accessible pour les voyageurs en bonne condition physique. Il est également déconseillé de faire cette visite si vous avez le vertige.</b></p>
<p>Sur les toits du centre de Saint-Pétersbourg s''ouvre une vue imprenable sur la ville: à l’époque la loi interdisait de construire des maisons au-dessus du Palais d''Hiver, donc aucun bâtiment ne vous empêchera de profiter du panorama spectaculaire. De là, vous pourrez voir les dômes dorés et bleus des cathédrales et des églises, la perspective stricte des rues et des avenues et, bien sûr, le ciel charmant.</p>
<p>Cette excursion tout à fait inhabituelle vous permettra d’explorer les cours secrètes de Saint-Pétersbourg et de voir l’architecture magnifique sous un angle différent. Pendant la visite, notre guide francophone vous racontera de nombreux faits intéressants sur la ville.</p>
<h3>À quelle période de l''année la visite sur les toits est-elle possible?</h3>
<p>La visite sur les toits est possible à tout moment de l''année, mais nous ne recommandons pas d''y aller en hiver car cela peut être dangereux (ça glisse et il fait froid).</p>

<h3>Faut-il préparer des vêtements et des chaussures spéciaux?</h3>
<p>N’oubliez pas de mettre des chaussures confortables et antidérapantes. Les vêtements ont moins d’importance, mais n''oubliez pas que vous devrez vous faufiler dans des allées étroites et qu''il existe un risque de salissure ou de se faire prendre; il est donc préférable de porter quelque chose de confortable.</p>', '', '', 6, 123, '1', '24', '/image/fr/saint-petersbourg/toits-saint-petersbourg/main-toits-saint-petersbourg.jpg', '/image/fr/saint-petersbourg/toits-saint-petersbourg/preview-toits-saint-petersbourg.jpg', '["/image/fr/saint-petersbourg/toits-saint-petersbourg/galery/galery-toits-saint-petersbourg0.jpg","/image/fr/saint-petersbourg/toits-saint-petersbourg/galery/galery-toits-saint-petersbourg1.jpg","/image/fr/saint-petersbourg/toits-saint-petersbourg/galery/galery-toits-saint-petersbourg2.jpg","/image/fr/saint-petersbourg/toits-saint-petersbourg/galery/galery-toits-saint-petersbourg3.jpg"]', '["12","54","87","98","65","-","12",""]', 4);
INSERT INTO new.excursion (id, city_id, url, popular, h1, title, description, name, detailText, included, excluded, groupSize, price, time, timeGroup, mainImage, previewImage, galery, priceList, pricePerPerson) VALUES (21, 135, 'une-journee-au-lac-ladoga', null, 'Visite du lac Ladoga', 'Visite guidée du lac Ladoga', 'Visite guidée du lac Ladoga. Une visite sur mesure ou en petit groupe. Des guides francophones. Le meilleur rapport qualité-prix.', 'Une journée au lac Ladoga', '<p>Passez toute la journée au bord du plus grand lac d''Europe! Le lac Ladoga se trouve à seulement une heure de route de Saint-Pétersbourg. Ses rives offrent une vue imprenable sur les vastes étendues d’eau. Pendant la Seconde Guerre mondiale, la glace sur le Ladoga gelé aidait à transporter ? de l''aide humanitaire vers Leningrad assiégée, c’est pour ça que ce lac s''appelait Route de la Vie.</p>
<p>Au cours de l’excursion, vous visiterez le musée consacré à l''histoire de la Route de la Vie. Ensuite, vous pourrez goûter des plats locaux au restaurant au bord de l’eau. Par exemple, le « chachliks », brochettes de viandes marinées, ou le célèbre poisson fumé de Ladoga (péché et fumé sur place).</p>
<p>Sur le chemin vers le lac, vous verrez les datchas russes, les maisons de campagne où les citadins aiment se reposer les week-ends et cultiver leurs propres fruits et légumes.</p>', '["Trajet de la Route de la Vie","Musée de la Route de la Vie et du Siège de Leningrad","Déjeuner dans un restaurant au bord du lac*","*Inclus dans le prix par personne: une salade + une soupe de poisson russe (Oukha) + un plat au choix (le poisson fumé accompagné de sauce ou les brochettes de poulet) + une crêpe avec miel + une boisson (eau, café). Veuillez noter que le plat principal est choisi au préalable."]', '', 6, 123, '6-7', '3', '/image/fr/saint-petersbourg/une-journee-au-lac-ladoga/main-une-journee-au-lac-ladoga.jpg', '/image/fr/saint-petersbourg/une-journee-au-lac-ladoga/preview-une-journee-au-lac-ladoga.jpg', '["/image/fr/saint-petersbourg/une-journee-au-lac-ladoga/galery/galery-une-journee-au-lac-ladoga0.jpg","/image/fr/saint-petersbourg/une-journee-au-lac-ladoga/galery/galery-une-journee-au-lac-ladoga1.jpg"]', '["12","54","87","98","65","-","12",""]', 4);
INSERT INTO new.excursion (id, city_id, url, popular, h1, title, description, name, detailText, included, excluded, groupSize, price, time, timeGroup, mainImage, previewImage, galery, priceList, pricePerPerson) VALUES (22, 135, 'apprendre-cyrillique', 'true', 'Apprenez le cyrillique', 'Visite guidée "Apprenez le cyrillique"', 'Réservez cette excursion insolite pour apprendre à lire en russe. La durée de l''excursion: 2 heures.', 'Apprendre le cyrillique!', '<p>Nous vous invitons à un tour de ville insolite au cours duquel vous connaîtrez les secrets de l’alphabet russe et apprendrez à lire les lettres cyrilliques. Notre guide francophone vous montrera les principaux sites touristiques du centre historique de la ville. En lisant les panneaux des magasins ou des restaurants vous saurez maîtriser la base de la langue russe. Par exemple, vous apprendrez que les lettres H, P, B, X ont une prononciation complètement différente et vous saurez lire des mots simples. Cette promenade peut être une alternative au tour de ville classique, ainsi qu’un des moyens intéressants d’explorer la culture du pays.</p>
<h3>Que vais-je voir?</h3>
<p>Vous passerez le long de la partie centrale de la perspective Nevski où vous verrez la Maison Singer, la cathédrale Notre Dame de Kazan, le Saint-Sauveur-sur-le-Sang-Versé, l’épicerie fine Eliseevsky, Gostiny Dvor et le centre commercial Passage.</p>
<h3>L’avantage de partir en excursion avec nous?</h3>
<p>Une excursion individuelle avec un guide qualifié et expérimenté sera beaucoup plus informative qu''une visite indépendante. Vous pourrez toujours obtenir des réponses à toutes vos questions qui vous intéressent, ainsi que de nombreuses informations pratiques sur la ville, qui vous seront utiles pour continuer le séjour.</p>', '', '', 5, 34, '2', '31', '/image/fr/saint-petersbourg/apprendre-cyrillique/main-apprendre-cyrillique.jpg', '/image/fr/saint-petersbourg/apprendre-cyrillique/preview-apprendre-cyrillique.jpg', '["/image/fr/saint-petersbourg/apprendre-cyrillique/galery/galery-apprendre-cyrillique0.jpg","/image/fr/saint-petersbourg/apprendre-cyrillique/galery/galery-apprendre-cyrillique1.jpg","/image/fr/saint-petersbourg/apprendre-cyrillique/galery/galery-apprendre-cyrillique2.jpg","/image/fr/saint-petersbourg/apprendre-cyrillique/galery/galery-apprendre-cyrillique3.jpg"]', '["12","54","87","98","65","-","12",""]', 4);
INSERT INTO new.excursion (id, city_id, url, popular, h1, title, description, name, detailText, included, excluded, groupSize, price, time, timeGroup, mainImage, previewImage, galery, priceList, pricePerPerson) VALUES (23, 135, 'metro-saint-petersbourg', null, 'Visite guidée du métro de St-Pétersbourg', 'Visite guidée du métro pétersbourgeois', 'Visite guidée du métro pétersbourgeois, l''un des plus splendides dans le monde. Des guides francophones. Le meillleur rapport qualité/prix. ', 'Visite du métro de Saint-Pétersbourg', '<p>Le métro de Saint-Pétersbourg est l''un des plus beaux et des plus profonds au monde (la station la plus profonde atteint 86 mètres). C''est un véritable musée souterrain de l''architecture soviétique.</p>
<p>Avec notre guide francophone, vous découvrirez les stations magnifiques de la première ligne, ouverte aux passagers en 1955. Vous verrez des mosaïques et bas-reliefs somptueux, des lustres en bronze et des colonnes de marbre qui ornent les halls des stations, ainsi que de nombreux faits intéressants sur l''histoire du métro de la capitale du Nord de la Russie.</p>
<h3>L’avantage de partir en excursion avec nous?</h3>
<p>Une excursion individuelle avec un guide qualifié et expérimenté sera beaucoup plus informative qu''une visite indépendante. Vous pourrez toujours obtenir des réponses à toutes les questions qui vous intéressent, ainsi que de nombreuses informations pratiques sur la ville, qui vous seront utiles pour continuer le séjour.</p>', '', '', 6, 123, '1.5', '32', '/image/fr/saint-petersbourg/metro-saint-petersbourg/main-metro-saint-petersbourg.jpg', '/image/fr/saint-petersbourg/metro-saint-petersbourg/preview-metro-saint-petersbourg.jpg', '["/image/fr/saint-petersbourg/metro-saint-petersbourg/galery/galery-metro-saint-petersbourg0.jpg","/image/fr/saint-petersbourg/metro-saint-petersbourg/galery/galery-metro-saint-petersbourg1.jpg","/image/fr/saint-petersbourg/metro-saint-petersbourg/galery/galery-metro-saint-petersbourg2.jpg","/image/fr/saint-petersbourg/metro-saint-petersbourg/galery/galery-metro-saint-petersbourg3.jpg","/image/fr/saint-petersbourg/metro-saint-petersbourg/galery/galery-metro-saint-petersbourg4.jpg"]', '["12","54","87","98","65","-","12",""]', 4);
INSERT INTO new.excursion (id, city_id, url, popular, h1, title, description, name, detailText, included, excluded, groupSize, price, time, timeGroup, mainImage, previewImage, galery, priceList, pricePerPerson) VALUES (24, 135, 'peterhof-ville-kronstadt', null, 'Visite guidée de Peterhof et de Kronstadt', 'Visite de Peterhof et de la ville de Kronstadt', 'Visite de Peterhof et de la ville de Kronstadt.Une visite sur mesure ou en petit groupe. Des guides francophones. Le meilleur rapport qualité-prix.', 'Visite de Peterhof et de Kronstadt', '<p><b>À noter: Les fontaines de Peterhof fonctionnent à partir du 27 avril jusqu’au 13 octobre. En dehors de ces dates, la visite du parc sera remplacée par la visite du Grand Palais.</b></p>
<p>Au cours de cette visite guidée avec notre guide francophone expérimenté, vous visiterez Peterhof, un complexe de palais et de parc magnifique, l''un des musées les plus visités de la Russie, ainsi que la digue de Kronstadt, petite ville située sur l''île de Kotlin, au milieu du golfe de Finlande.</p>
<p>Peterhof est une ancienne résidence impériale. Elle est également appelée le Versailles du Nord pour ses splendides parcs de 110 hectares et plus de 150 fontaines luxueuses, dont l''unique particularité réside dans le fait qu''elles fonctionnent uniquement en raison de la gravité, sans pompe.</p>
<p>Pendant la visite, vous verrez le complexe de fontaines le plus célèbre la «Grand Cascade» avec la fontaine centrale «Samson», dont le jet prend son envol à une hauteur de 21 mètres; un superbe ensemble de parcs, ainsi que le Grand Palais, construit dans le style baroque.</p>
<p>De mai à mi-octobre, la visite du Grand Palais de Peterhof n’est pas incluse dans l’excursion, car il y a trop de touristes et même la présence de notre guide ne donne pas le droit d’entrer dans le musée sans faire la queue.</p>
<p>En hiver, une visite à Peterhof n’est pas moins fascinante, malgré le fait que les fontaines ne fonctionnent pas, car vous aurez l’occasion de voir le golfe de Finlande gelé et même de marcher sur la glace!</p>
<p>Dans la deuxième partie de l''excursion, vous irez à Kronstadt (ville portuaire fermée jusqu''en 1998) pour voir une structure impressionnante: la digue qui protège Saint-Pétersbourg des inondations. En chemin, vous aurez l''occasion d''admirer les paysages à couper le souffle du golfe de Finlande. À Kronstadt, vous visiterez également sans guide la Cathédrale Maritime, une belle église blanche et dorée, dédiée aux héros et défenseurs de la Russie à la mer.</p>
<h3>L’avantage de partir en excursion avec nous?</h3>
<p>Une excursion individuelle avec un guide qualifié et expérimenté sera beaucoup plus informative qu''une visite indépendante. Vous pourrez toujours obtenir des réponses à toutes les questions qui vous intéressent, ainsi que de nombreuses informations pratiques sur la ville, qui vous seront utiles pour continuer le séjour.</p>', '', '', 15, 56, '7-8', '34', '/image/fr/saint-petersbourg/peterhof-ville-kronstadt/main-peterhof-ville-kronstadt.jpg', '/image/fr/saint-petersbourg/peterhof-ville-kronstadt/preview-peterhof-ville-kronstadt.jpg', '["/image/fr/saint-petersbourg/peterhof-ville-kronstadt/galery/galery-peterhof-ville-kronstadt0.jpg","/image/fr/saint-petersbourg/peterhof-ville-kronstadt/galery/galery-peterhof-ville-kronstadt1.jpg","/image/fr/saint-petersbourg/peterhof-ville-kronstadt/galery/galery-peterhof-ville-kronstadt2.jpg","/image/fr/saint-petersbourg/peterhof-ville-kronstadt/galery/galery-peterhof-ville-kronstadt3.jpg","/image/fr/saint-petersbourg/peterhof-ville-kronstadt/galery/galery-peterhof-ville-kronstadt4.jpg","/image/fr/saint-petersbourg/peterhof-ville-kronstadt/galery/galery-peterhof-ville-kronstadt5.jpg"]', '["12","54","87","98","65","-","12",""]', 4);
INSERT INTO new.excursion (id, city_id, url, popular, h1, title, description, name, detailText, included, excluded, groupSize, price, time, timeGroup, mainImage, previewImage, galery, priceList, pricePerPerson) VALUES (25, 135, 'musee-histoire-politique-appartement-serguei-kirov', null, 'Visite du Musée de l’histoire politique ', 'Visite guidée du Musée de l’histoire politique ', 'Visite guidée du Musée de l’histoire politique. Une visite sur mesure ou en petit groupe. Des guides francophones. Le meilleur rapport qualité-prix.', 'Visite guidée du Musée de l’histoire politique', '<p>Cette visite vous permettra de ressentir l''atmosphère de Leningrad. Tout d’abord, avec le guide francophone, vous vous immergerez dans la vie politique de la société de Saint-Pétersbourg du siècle dernier. Au Musée de l''histoire politique, vous apprendrez comment la Révolution de 1917 a commencé et ainsi abouti à la formation de l''URSS. Ensuite, vous visiterez l''Appartement-musée du révolutionnaire et fonctionnaire soviétique Sergueï Kirov. Vous verrez les intérieurs de l''ère soviétique, le fond documentaire et photographique important qui conserve des souvenirs de la période difficile mais très significative de l''histoire russe.</p>
<p>Après les palais impériaux magnifiques et les rues romantiques du Saint-Pétersbourg moderne, vous recevrez au cours de cette visite des impressions absolument différentes qui sont nécessaires pour une meilleure compréhension de la culture et de l''histoire du pays. Ne manquez pas cette occasion de rendre votre voyage aussi excitant et insolite que possible!</p>
<h3>L’avantage de partir en excursion avec nous?</h3>
<p>Une excursion individuelle avec un guide qualifié expérimenté sera beaucoup plus informative qu''une visite indépendante. Vous pourrez toujours obtenir des réponses à toutes vos questions et notre guide pourra aussi partager avec vous des informations pratiques sur la ville, qui vous seront utiles pour le séjour.</p>', '', '', 6, 34, '4-5', '4', '/image/fr/saint-petersbourg/musee-histoire-politique-appartement-serguei-kirov/main-musee-histoire-politique-appartement-serguei-kirov.jpg', '/image/fr/saint-petersbourg/musee-histoire-politique-appartement-serguei-kirov/preview-musee-histoire-politique-appartement-serguei-kirov.jpg', '["/image/fr/saint-petersbourg/musee-histoire-politique-appartement-serguei-kirov/galery/galery-musee-histoire-politique-appartement-serguei-kirov0.jpg","/image/fr/saint-petersbourg/musee-histoire-politique-appartement-serguei-kirov/galery/galery-musee-histoire-politique-appartement-serguei-kirov1.jpg","/image/fr/saint-petersbourg/musee-histoire-politique-appartement-serguei-kirov/galery/galery-musee-histoire-politique-appartement-serguei-kirov2.jpg","/image/fr/saint-petersbourg/musee-histoire-politique-appartement-serguei-kirov/galery/galery-musee-histoire-politique-appartement-serguei-kirov3.jpg","/image/fr/saint-petersbourg/musee-histoire-politique-appartement-serguei-kirov/galery/galery-musee-histoire-politique-appartement-serguei-kirov4.jpg","/image/fr/saint-petersbourg/musee-histoire-politique-appartement-serguei-kirov/galery/galery-musee-histoire-politique-appartement-serguei-kirov5.jpg"]', '["12","54","87","98","65","-","12",""]', 4);
INSERT INTO new.excursion (id, city_id, url, popular, h1, title, description, name, detailText, included, excluded, groupSize, price, time, timeGroup, mainImage, previewImage, galery, priceList, pricePerPerson) VALUES (26, 135, 'peterhof', 'true', 'Visite de Peterhof', 'Visite guidée de Peterhof', 'Visite guidée de Peterhof. Une visite sur mesure ou en petit groupe. Des guides francophones. Le meilleur rapport qualité-prix.', 'Visite de Peterhof', '<h3>À noter!</h3>
<p><b>Le trajet en hydroglisseur dépendra des conditions météorologiques. <br>
    Les fontaines fonctionnent à partir du 27 avril jusqu’au 13 octobre.</b></p>

<p>Peterhof est une ancienne résidence impériale et aujourd''hui l''un des musées les plus visités de la Russie. Il est également appelé le Versailles du Nord pour ses magnifiques parcs de 110 hectares et plus de 150 fontaines luxueuses, dont l''unique particularité réside dans le fait qu''elles fonctionnent uniquement en raison de la gravité, sans pompe.</p>
<p>Pendant la visite avec notre guide francophone, vous verrez le complexe de fontaines le plus célèbre la «Grand Cascade» avec la fontaine centrale «Samson», dont le jet prend son envol à une hauteur de 21 mètres; un superbe ensemble de parcs, ainsi que le Grand Palais, construit dans le style baroque. Si vous voulez aller à l''intérieur du palais, vous pourrez voir la riche décoration des intérieurs dans lesquels vivaient les personnes royales.</p>

<h3>Dois-je aller à Peterhof en hiver, quand les fontaines ne fonctionnent pas?</h3>
<p>Ça vaut vraiment le coup. Tout d''abord, vous pourrez voir le magnifique palais. De plus, nous recommandons vivement de visiter le palais en hiver car il y a trop de monde en été et même la présence de notre guide ne donne pas le droit d''entrer dans le musée sans faire la queue. Deuxièmement, vous aurez l''occasion de voir la mer Baltique gelée et, si vous en avez le courage, vous pourrez même marcher sur la glace!</p>

<h3>Quel transport vaut-il mieux choisir pour se rendre à Peterhof en été?</h3>
<p>Si vous choisissez la voiture, vous devrez passer plus de temps sur la route, mais vous pourrez voir les zones de couchage de la ville. Si vous y allez en hydroglisseur, la route prendra moins de temps, et vous pourrez  également voir les banlieues depuis l''eau, ainsi que des paysages marins à couper le souffle. Nous conseillons de choisir un hydroglisseur car vous vivrez une expérience inhabituelle et pourrez admirer une vue imprenable sur le golfe de Finlande.</p>
<h3>L’avantage de partir en excursion avec nous?</h3>
<p>Une excursion individuelle avec un guide qualifié et expérimenté sera beaucoup plus informative qu''une visite indépendante. Vous pourrez toujours obtenir des réponses à toutes les questions qui vous intéressent, ainsi que de nombreuses informations pratiques sur la ville, qui vous seront utiles pour continuer le séjour.</p>', '', '', 15, 35, '4-5', '123', '/image/fr/saint-petersbourg/peterhof/main-peterhof.jpg', '/image/fr/saint-petersbourg/peterhof/preview-peterhof.jpg', '["/image/fr/saint-petersbourg/peterhof/galery/galery-peterhof0.jpg","/image/fr/saint-petersbourg/peterhof/galery/galery-peterhof1.jpg","/image/fr/saint-petersbourg/peterhof/galery/galery-peterhof2.jpg","/image/fr/saint-petersbourg/peterhof/galery/galery-peterhof3.jpg","/image/fr/saint-petersbourg/peterhof/galery/galery-peterhof4.jpg"]', '["12","54","87","98","65","-","12",""]', 4);
INSERT INTO new.excursion (id, city_id, url, popular, h1, title, description, name, detailText, included, excluded, groupSize, price, time, timeGroup, mainImage, previewImage, galery, priceList, pricePerPerson) VALUES (27, 135, 'visite-pavlovsk', null, 'Visite de la ville de Pavlovsk', 'Visite guidée de Pavlovsk', 'Visite de la ville de Pavlovsk. Une visite sur mesure ou en petit groupe. Des guides francophones. Le meilleur rapport qualité-prix.', 'Visite de Pavlovsk', '<p>Comparé à d''autres châteaux et palais de la banlieue de Saint-Pétersbourg, le palais de Pavlovsk a moins souffert de la Seconde Guerre mondiale et a réussi à préserver ses intérieurs d''origine. Pendant l’excursion avec notre guide francophone, vous pourrez voir les salons authentiques de la famille impériale, des salles d’apparat luxueuses, une bibliothèque et des cabinets, dont la riche décoration reflète les goûts de leur époque (fin du 18ème siècle).</p>
<p>Dehors, le palais se distingue par sa modestie et son harmonie de forme. La belle façade dorée se cache parmi les étendues vertes d''un parc calme et magnifique, sur le territoire duquel vous pourrez également vous promener pendant la visite.</p>
<p>Le palais est également intéressant grâce à une vaste collection d''art français et de rares éléments décoratifs apportés par Paul Ier et son épouse Maria Feodorovna lors de leurs nombreux voyages en Europe.</p>
<p>En hiver, vous pourrez faire une promenade en traîneau (en troïka) et vous sentir comme un véritable noble ou un héros des romans des écrivains russes.</p>
<h3>Devrais-je visiter Pavlovsk, si je me rends déjà à Peterhof et / ou à Tsarskoïe Selo?</h3>
<p>Bien sûr, il est peu probable qu''il soit possible de tout couvrir immédiatement dans un voyage, mais si vous avez la possibilité de visiter plusieurs résidences autour de Saint-Pétersbourg, nous vous recommandons de ne pas ignorer Pavlovsk. Tout d’abord, ce palais se distingue nettement des autres magnifiques résidences baroques et abrite plus d’objets originaux de décoration intérieure. Deuxièmement, il y a beaucoup moins de touristes à Pavlovsk, vous aurez donc l''occasion de profiter de l''excursion dans une atmosphère plus détendue.</p>
<h3>L’avantage de partir en excursion avec nous?</h3>
<p>Une excursion individuelle avec un guide qualifié et expérimenté sera beaucoup plus informative qu''une visite indépendante. Vous pourrez toujours obtenir des réponses à toutes les questions qui vous intéressent, ainsi que de nombreuses informations pratiques sur la ville, qui vous seront utiles pour continuer le séjour.</p>', '', '', 15, 234, '4-5', '41', '/image/fr/saint-petersbourg/pavlovsk/main-pavlovsk.jpg', '/image/fr/saint-petersbourg/pavlovsk/preview-pavlovsk.jpg', '["/image/fr/saint-petersbourg/pavlovsk/galery/galery-pavlovsk0.jpg","/image/fr/saint-petersbourg/pavlovsk/galery/galery-pavlovsk1.jpg","/image/fr/saint-petersbourg/pavlovsk/galery/galery-pavlovsk2.jpg","/image/fr/saint-petersbourg/pavlovsk/galery/galery-pavlovsk3.jpg","/image/fr/saint-petersbourg/pavlovsk/galery/galery-pavlovsk4.jpg"]', '["12","54","87","98","65","-","12",""]', 4);
INSERT INTO new.excursion (id, city_id, url, popular, h1, title, description, name, detailText, included, excluded, groupSize, price, time, timeGroup, mainImage, previewImage, galery, priceList, pricePerPerson) VALUES (28, 135, 'musee-appartement-fiodor-dostoievski', 'true', 'Visite du musée-appartement de Dostoïevski', 'Visite guidée du musée-appartement de Dostoïevski', 'Visite guidée du musée-appartement de Dostoïevski. Une visite sur mesure ou en petit groupe. Des guides francophones. Le meilleur rapport qualité-prix.', 'Visite du Musée-appartement de Fiodor Dostoïevski', '<p>Au cours de cette visite, vous visiterez l’un des appartements de Fiodor Dostoïevski, l''un des écrivains russes les plus célèbres au monde, sans qui il est impossible d''imaginer Saint-Pétersbourg. La ville est devenue un décor dans certaines de ses œuvres («Crime et châtiment», «Les nuits blanches», «Les frères Karamazov»), et de nombreuses adresses réelles ont été associées aux personnages de ses romans.</p>
<p>Dans l''appartement, vous pourrez voir à quoi ressemblait la vie quotidienne de l''écrivain, quels intérieurs typiques existaient au 19e siècle et découvrir les détails intéressants de sa vie.</p>
<h3>L’avantage de partir en excursion avec nous?</h3>
<p>Une excursion individuelle avec un guide qualifié expérimenté sera beaucoup plus informative qu''une visite indépendante. Vous pourrez toujours obtenir des réponses à toutes tes questions et notre guide pourra aussi partager avec vous des informations pratiques sur la ville, qui vous seront utiles pour ton séjour.</p>', '', '', 6, 123, '2', '23', '/image/fr/saint-petersbourg/musee-appartement-fiodor-dostoievski/main-musee-appartement-fiodor-dostoievski.jpg', '/image/fr/saint-petersbourg/musee-appartement-fiodor-dostoievski/preview-musee-appartement-fiodor-dostoievski.jpg', '["/image/fr/saint-petersbourg/musee-appartement-fiodor-dostoievski/galery/galery-musee-appartement-fiodor-dostoievski0.jpg","/image/fr/saint-petersbourg/musee-appartement-fiodor-dostoievski/galery/galery-musee-appartement-fiodor-dostoievski1.jpg"]', '["12","54","87","98","65","-","12",""]', 4);
INSERT INTO new.excursion (id, city_id, url, popular, h1, title, description, name, detailText, included, excluded, groupSize, price, time, timeGroup, mainImage, previewImage, galery, priceList, pricePerPerson) VALUES (29, 135, 'musee-faberge', null, 'Visite du musée Fabergé', 'Visite guidée du musée Fabergé', 'Visite guidée du musée Fabergé en français. Une visite sur mesure ou en petit groupe. Des guides francophones. Le meilleur rapport qualité-prix.', 'Visite du Musée Fabergé', '<p>Au cours de cette visite, vous pourrez apprécier la magnificence et la sophistication de la joaillerie fabriquée par Maison Fabergé pour la famille impériale russe. Le musée contient des centaines d''objets précieux (de la fin du 18ème-20ème siècle), parmi lesquels 14 célèbres œufs de Pâques Fabergé occupent une place honorable. Ces objets uniques ont été créés à la demande des empereurs russes à partir de 1885. Traditionnellement, les œufs étaient présentés comme un cadeau de Pâques. Il y en a 70 dans le monde. La collection n''est devenue accessible au public qu''en 2014.</p>
<p>Vous verrez des bijoux exécutés avec grâce et qui n''ont pas d''analogues dans le monde. Chacun d''eux est unique et inimitable. Le tout premier oeuf "Poulet", créé pour l''épouse d''Alexandre III, minimaliste à l''extérieur, a son propre secret: une toute petite poule dorée aux yeux rubis est cachée à l''intérieur. L’œuf de « Couronnement » cache un carrosse miniature à l''intérieur. Le «Laurier», décoré de jade et de pierres précieuses, cache un oiseau mécanique capable de tourner la tête, de chanter et de battre des ailes. Ne manquez pas l''occasion de voir ces chefs-d''œuvre et d''autres!</p>
<h3>L’avantage de partir en excursion avec nous?</h3>
<p>L''excursion avec nous est une occasion unique de faire la visite la plus informative en français dans l’un des musées les plus intéressants de Saint-Pétersbourg. En compagnie de notre guide, vous aurez l’opportunité de voir l’exposition du Musée Fabergé à un rythme tranquille et vous pourrez toujours poser toutes les questions qui vous intéressent pendant la visite. En plus de l''histoire de l''exposition du musée, le guide pourra partager avec vous des informations pratiques sur la ville, qui vous seront utiles pour le séjour.</p>', '', '', 6, 123, '1.5', '1234', '/image/fr/saint-petersbourg/musee-faberge/main-musee-faberge.jpg', '/image/fr/saint-petersbourg/musee-faberge/preview-musee-faberge.jpg', '["/image/fr/saint-petersbourg/musee-faberge/galery/galery-musee-faberge0.jpg","/image/fr/saint-petersbourg/musee-faberge/galery/galery-musee-faberge1.jpg","/image/fr/saint-petersbourg/musee-faberge/galery/galery-musee-faberge2.jpg","/image/fr/saint-petersbourg/musee-faberge/galery/galery-musee-faberge3.jpg","/image/fr/saint-petersbourg/musee-faberge/galery/galery-musee-faberge4.jpg","/image/fr/saint-petersbourg/musee-faberge/galery/galery-musee-faberge5.jpg"]', '["12","54","87","98","65","-","12",""]', 4);
INSERT INTO new.excursion (id, city_id, url, popular, h1, title, description, name, detailText, included, excluded, groupSize, price, time, timeGroup, mainImage, previewImage, galery, priceList, pricePerPerson) VALUES (30, 135, 'forteresse-pierre-et-paul', null, 'Visite de la Forteresse Pierre et Paul', 'Visite guidée de la Forteresse Pierre et Paul', 'Visite guidée de la Forteresse Pierre et Paul. Une visite sur mesure ou en petit groupe. Des guides francophones. Le meilleur rapport qualité-prix.', 'Visite de la Forteresse Pierre-et-Paul', '<p>La forteresse Pierre-et-Paul est située au cœur de Saint-Pétersbourg. C’est à partir de là que l’histoire de la ville de la Néva a commencé: en 1703, le tsar Pierre le Grand a ordonné de construire ici la première fortification en bois qui servirait de défense contre l’invasion suédoise.</p>
<p>Accompagné de notre guide francophone expérimenté, vous visiterez le berceau de la ville et découvrirez les secrets du fondement de la capitale du nord de la Russie, la hauteur de la flèche de la cathédrale Pierre et Paul, la sépulture de la famille impériale russe, ainsi que l’ancienne prison pour les prisonniers politiques, notamment Tsarevich Alexei, la princesse Tarakanova, Fyodor Dostoevsky, Nikolai Chernyshevsky et d’autres.</p>
<p>Chaque jour à midi on peut y entendre un coup de canon (une ancienne tradition depuis l’époque de Pierre le Grand). Il y a également une plage sur les rives de la forteresse et chaque été, les pétersbourgeois viennent s''y prélasser au soleil.</p>
<h3>L’avantage de partir en excursion avec nous?</h3>
<p>Une excursion individuelle avec un guide qualifié expérimenté sera beaucoup plus informative qu''une visite indépendante. Vous pourrez toujours obtenir des réponses à toutes vos questions et notre guide pourra aussi partager avec vous des informations pratiques sur la ville, qui vous seront utiles pour votre séjour.</p>', '', '', 15, 123, '2-3', '1', '/image/fr/saint-petersbourg/forteresse-pierre-et-paul/main-forteresse-pierre-et-paul.jpg', '/image/fr/saint-petersbourg/forteresse-pierre-et-paul/preview-forteresse-pierre-et-paul.jpg', '["/image/fr/saint-petersbourg/forteresse-pierre-et-paul/galery/galery-forteresse-pierre-et-paul0.jpg","/image/fr/saint-petersbourg/forteresse-pierre-et-paul/galery/galery-forteresse-pierre-et-paul1.jpg","/image/fr/saint-petersbourg/forteresse-pierre-et-paul/galery/galery-forteresse-pierre-et-paul2.jpg","/image/fr/saint-petersbourg/forteresse-pierre-et-paul/galery/galery-forteresse-pierre-et-paul3.jpg","/image/fr/saint-petersbourg/forteresse-pierre-et-paul/galery/galery-forteresse-pierre-et-paul4.jpg"]', '["12","54","87","98","65","-","12",""]', 4);
INSERT INTO new.excursion (id, city_id, url, popular, h1, title, description, name, detailText, included, excluded, groupSize, price, time, timeGroup, mainImage, previewImage, galery, priceList, pricePerPerson) VALUES (31, 135, 'eglise-bois-pokrovskaia', 'true', 'Visite de l''église Pokrovskaya', 'Visite guidée de l''église Pokrovskaya', 'Visite guidée de l''église Pokrovskaya. Une visite sur mesure ou en petit groupe. Des guides francophones. Le meilleur rapport qualité-prix.', 'Visite de l’église en bois Pokrovskaia', '<p><b>À noter: L’office ne se déroule que les dimanches matin et à l''intérieur de l’église, il est demandé aux femmes de se couvrir la tête et les photos à l''intérieur sont interdites.</b></p>
<p>L''église en bois Pokrovskaia se situe à seulement cinq kilomètres de Saint-Pétersbourg, sur les rives de la Neva, entourée d''une forêt pittoresque. C’est un véritable chef-d’œuvre de l’architecture, dans toute sa beauté, qui n’a rien d’inférieur à un complexe muséal unique sur l’île de Kiji. Si vous voulez un peu de variété lors de votre voyage à Saint-Pétersbourg et admirer un bâtiment authentique en bois de style russe, ne manquez pas de visiter ce monument avec notre guide francophone.</p>
<p>Sur la route vers le musée, vous verrez des zones résidentielles éloignées du centre-ville et qui ne se/lui ? ressemblent pas du tout. Cela vous donnera une idée de la vie quotidienne de la majorité des habitants de Saint-Pétersbourg.</p>
<h3>L’avantage de partir en excursion avec nous?</h3>
<p>Une excursion individuelle avec un guide qualifié et expérimenté sera beaucoup plus informative qu''une visite indépendante. Vous pourrez toujours obtenir des réponses à toutes les questions qui vous intéressent, ainsi que de nombreuses informations pratiques sur la ville, qui vous seront utiles pour continuer le séjour.</p>', '', '', 15, 35, '3', '1', '/image/fr/saint-petersbourg/eglise-bois-pokrovskaia/main-eglise-bois-pokrovskaia.jpg', '/image/fr/saint-petersbourg/eglise-bois-pokrovskaia/preview-eglise-bois-pokrovskaia.jpg', '["/image/fr/saint-petersbourg/eglise-bois-pokrovskaia/galery/galery-eglise-bois-pokrovskaia0.jpg","/image/fr/saint-petersbourg/eglise-bois-pokrovskaia/galery/galery-eglise-bois-pokrovskaia1.jpg","/image/fr/saint-petersbourg/eglise-bois-pokrovskaia/galery/galery-eglise-bois-pokrovskaia2.jpg","/image/fr/saint-petersbourg/eglise-bois-pokrovskaia/galery/galery-eglise-bois-pokrovskaia3.jpg","/image/fr/saint-petersbourg/eglise-bois-pokrovskaia/galery/galery-eglise-bois-pokrovskaia4.jpg","/image/fr/saint-petersbourg/eglise-bois-pokrovskaia/galery/galery-eglise-bois-pokrovskaia5.jpg"]', '["12","54","87","98","65","-","12",""]', 4);
INSERT INTO new.excursion (id, city_id, url, popular, h1, title, description, name, detailText, included, excluded, groupSize, price, time, timeGroup, mainImage, previewImage, galery, priceList, pricePerPerson) VALUES (32, 135, 'promenade-troika-parc-palais-pavlovsk', null, 'Promenade en Troïka russe dans le parc de Pavlovsk', 'Promenade en Troïka dans le Parc de Pavlovsk', 'Promenade hivernale en Troïka russe dans le parc de Pavlovsk. Plongez dans une ambience de la Russie impériale. ', 'Promenade  en Troïka dans le parc du Palais de Pavlovsk', '<p><b>DURÉE:</b></p>
<ul>
  <li>Traîneau tiré par un cheval: 10 minutes</li>
  <li>Traîneau tiré par trois chevaux: 20 minutes (de 1 à 3 personnes), 10 minutes (de 4 à 6 personnes)</li>
</ul>
<h3>À noter: Cette promenade est valable sous condition d’achat de l’excursion à Pavlovsk.</h3>
<p>Nous vous invitons à faire une promenade insolite sur les étendues enneigées du parc de Pavlovsk. Vous pourrez vous sentir comme un véritable héros de roman russe ou un aristocrate, mais aussi avoir plein d’impressions agréables en admirant les paysages magnifiques du territoire du complexe du palais.</p>', '', '', 6, 123, '0.5', '1', '/image/fr/saint-petersbourg/Promenade-troika-parc-palais-pavlovsk/main-Promenade-troika-parc-palais-pavlovsk.jpg', '/image/fr/saint-petersbourg/Promenade-troika-parc-palais-pavlovsk/preview-Promenade-troika-parc-palais-pavlovsk.jpg', '["/image/fr/saint-petersbourg/Promenade-troika-parc-palais-pavlovsk/galery/galery-Promenade-troika-parc-palais-pavlovsk0.jpg","/image/fr/saint-petersbourg/Promenade-troika-parc-palais-pavlovsk/galery/galery-Promenade-troika-parc-palais-pavlovsk1.jpg","/image/fr/saint-petersbourg/Promenade-troika-parc-palais-pavlovsk/galery/galery-Promenade-troika-parc-palais-pavlovsk2.jpg","/image/fr/saint-petersbourg/Promenade-troika-parc-palais-pavlovsk/galery/galery-Promenade-troika-parc-palais-pavlovsk3.jpg"]', '["12","54","87","98","65","-","12",""]', 4);
INSERT INTO new.excursion (id, city_id, url, popular, h1, title, description, name, detailText, included, excluded, groupSize, price, time, timeGroup, mainImage, previewImage, galery, priceList, pricePerPerson) VALUES (33, 135, 'saint-petersbourg-comme-vous-habitez', null, 'Excursion "St-Pétersbourg comme si vous y habitiez"', 'Saint-Pétersbourg comme si vous y habitiez', 'Une visite insolite à St-Pétersbourg pour découvrir la vie quotidienne des locaux et visiter des quartiers éloignés du centre historique.', 'Saint-Pétersbourg comme si vous y habitez', '<p>Si vous voulez voir l''arrière de la ville-musée, nous vous conseillons de visiter la zone de couchage typique avec notre guide francophone pour voir comment vivent les pétersbourgeois ordinaires.</p>
<p>Accompagné de notre guide, vous prendrez le métro pour vous rendre dans l''un des quartiers résidentiels les plus populaires de la périphérie de la ville et ferez une promenade fascinante au cours de laquelle vous découvrirez l''architecture soviétique et moderne composée d''immeubles de grande hauteur, de commerces locaux et de parcs, bref, du quotidien de la plupart des habitants de la capitale du nord de la Russie.</p>
<p>Après les palais luxueux et façades magnifiques du centre-ville, vous vous plongerez dans une ambiance complètement différente qui vous aidera à mieux connaître Saint-Pétersbourg, à la voir sous un autre angle et à vivre une expérience inoubliable.</p>
<h3>L’avantage de partir en excursion avec nous?</h3>
<p>Une excursion individuelle avec un guide qualifié et expérimenté sera beaucoup plus informative qu''une visite indépendante. Vous pourrez toujours obtenir des réponses à toutes les questions qui vous intéressent, ainsi que de nombreuses informations pratiques sur la ville, qui vous seront utiles pour continuer le séjour.</p>', '', '', 6, 123, '3', '1', '/image/fr/saint-petersbourg/saint-petersbourg-comme-vous-habitez/main-saint-petersbourg-comme-vous-habitez.jpg', '/image/fr/saint-petersbourg/saint-petersbourg-comme-vous-habitez/preview-saint-petersbourg-comme-vous-habitez.jpg', '["/image/fr/saint-petersbourg/saint-petersbourg-comme-vous-habitez/galery/galery-saint-petersbourg-comme-vous-habitez0.jpg","/image/fr/saint-petersbourg/saint-petersbourg-comme-vous-habitez/galery/galery-saint-petersbourg-comme-vous-habitez1.jpg","/image/fr/saint-petersbourg/saint-petersbourg-comme-vous-habitez/galery/galery-saint-petersbourg-comme-vous-habitez2.jpg","/image/fr/saint-petersbourg/saint-petersbourg-comme-vous-habitez/galery/galery-saint-petersbourg-comme-vous-habitez3.jpg"]', '["12","54","87","98","65","-","12",""]', 4);
INSERT INTO new.excursion (id, city_id, url, popular, h1, title, description, name, detailText, included, excluded, groupSize, price, time, timeGroup, mainImage, previewImage, galery, priceList, pricePerPerson) VALUES (34, 135, 'tsarskoie-selo-pavlovsk', 'true', 'Visite de Tsarskoïe selo (Pouchkine) et Pavlovsk', 'Visite guidée de la ville de Pouchkine et de Pavlovsk', 'Visite guidée de la ville de Pouchkine et de Pavlovsk. Une visite sur mesure ou en petit groupe. Des guides francophones. Le meilleur rapport qualité-prix.', 'Visite de Tsarskoïe selo (Pouchkine) et de Pavlovsk', '<p>La visite suggère les excursions au palais Catherine de Tsarskoïe Selo (Pouchkine) et au palais de Pavlovsk (Pavlovsk). Accompagné de notre guide francophone, vous pourrez visiter deux magnifiques palais et parcs en une journée et plonger dans l''ère de la Russie impériale. Cette visite est idéale pour ceux qui veulent couvrir le maximum d''attractions lors d''un voyage à Saint-Pétersbourg.</p>
<p>Le Palais Catherine est un chef-d''œuvre inégalé de l''architecte Rastrelli. Vous y verrez des salles de bal luxueuses, des intérieurs splendides et, bien sûr, la célèbre Chambre d’Ambre, chef-d’œuvre de l’art (la salle aux murs ornés de panneaux d’ambre). Malheureusement, la chambre d''origine a été complètement perdue pendant la Seconde Guerre mondiale, mais même restaurée elle est frappante par sa magnificence. En plus de l’excursion au musée, vous aurez également l’occasion de vous promener dans le parc enchanteur, dont les étendues offrent une vue imprenable sur le lac et la façade bleu ciel de l’ensemble architectural.</p>
<p>Le palais de Pavlovsk a moins souffert de la Seconde Guerre mondiale et a réussi à préserver ses intérieurs d''origine. Ici vous pourrez voir les salons authentiques de la famille impériale, des salles d’apparat luxueuses, une bibliothèque et des cabinets, dont la riche décoration reflète les goûts de leur époque (fin du 18ème siècle). Dehors, le palais se distingue par sa modestie et son harmonie de forme. La belle façade dorée se cache parmi les étendues vertes d''un parc calme et magnifique, sur le territoire duquel vous pourrez également vous promener pendant la visite.</p>
<p>En hiver, à Pavlovsk vous pourrez aussi faire une promenade en traîneau (en troïka) pour vous sentir comme un véritable noble ou un héros de roman des écrivains russes.</p>
<h3>À quelle heure aura lieu l’excursion?</h3>
<p>Cela dépend des horaires d’ouverture du Palais Catherine. Une visite est possible à tout moment de la journée, prévoyez une soirée libre.</p>
<h3>L’avantage de partir en excursion avec nous?</h3>
<p>Une excursion individuelle avec un guide qualifié et expérimenté sera beaucoup plus informative qu''une visite indépendante. Vous pourrez toujours obtenir des réponses à toutes les questions qui vous intéressent, ainsi que de nombreuses informations pratiques sur la ville, qui vous seront utiles pour continuer le séjour.</p>', '', '', 15, 123, '7', '24', '/image/fr/saint-petersbourg/tsarskoie-selo-pavlovsk/main-tsarskoie-selo-pavlovsk.jpg', '/image/fr/saint-petersbourg/tsarskoie-selo-pavlovsk/preview-tsarskoie-selo-pavlovsk.jpg', '["/image/fr/saint-petersbourg/tsarskoie-selo-pavlovsk/galery/galery-tsarskoie-selo-pavlovsk0.jpg","/image/fr/saint-petersbourg/tsarskoie-selo-pavlovsk/galery/galery-tsarskoie-selo-pavlovsk1.jpg","/image/fr/saint-petersbourg/tsarskoie-selo-pavlovsk/galery/galery-tsarskoie-selo-pavlovsk2.jpg","/image/fr/saint-petersbourg/tsarskoie-selo-pavlovsk/galery/galery-tsarskoie-selo-pavlovsk3.jpg","/image/fr/saint-petersbourg/tsarskoie-selo-pavlovsk/galery/galery-tsarskoie-selo-pavlovsk4.jpg","/image/fr/saint-petersbourg/tsarskoie-selo-pavlovsk/galery/galery-tsarskoie-selo-pavlovsk5.jpg"]', '["12","54","87","98","65","-","12",""]', 4);
INSERT INTO new.excursion (id, city_id, url, popular, h1, title, description, name, detailText, included, excluded, groupSize, price, time, timeGroup, mainImage, previewImage, galery, priceList, pricePerPerson) VALUES (35, 135, 'musee-russe', null, 'Visite du musée russe', 'Visite guidée du musée russe', 'Visite guidée du musée russe. Une visite sur mesure ou en petit groupe. Des guides francophones. Le meilleur rapport qualité-prix.', 'Visite du Musée Russe', '<p>Le Musée Russe abrite la plus grande collection d''art russe au monde (400 mille d’objets d’exposition). C''est l''une des attractions principales de Saint-Pétersbourg et un grand centre de recherche. Au cours de l’excursion avec le guide francophone, vous visiterez la partie principale de l’exposition, située dans le Palais Mikhaïlovski et dans le bâtiment Benois.
  Vous pourrez retracer l''histoire de l''art russe depuis l''iconographie jusqu’aux chef-d’oeuvres d''artistes du 21ème siècle. Vous verrez de vos propres yeux  des œuvres de maîtres tels que Andreï Roublev, K. Bryullov, I. Aivazovsky, V. Vasnetsov, I. Repine, V. Serov, I. Levitan, K. Malevitch, etc.</p>
<h3>L’avantage de partir en excursion avec nous?</h3>
<p>Une excursion individuelle avec un guide qualifié et expérimenté sera beaucoup plus informative qu''une visite indépendante. Surtout si cette excursion suppose de connaître l''art russe, car vous pourrez toujours poser toutes vos questions au représentant de la culture. Le guide pourra en plus vous partager des informations pratiques sur la ville, qui vous seront utiles pour le séjour.</p>
<h3>Où se terminera la visite?</h3>
<p>Après avoir découvert l’exposition du programme de l’excursion, le guide vous dira au revoir au musée et vous pourrez continuer à explorer la collection par vous-même jusqu’à la fermeture.</p>', '', '', 15, 35, '2-3', '24', '/image/fr/saint-petersbourg/musee-russe/main-musee-russe.jpg', '/image/fr/saint-petersbourg/musee-russe/preview-musee-russe.jpg', '["/image/fr/saint-petersbourg/musee-russe/galery/galery-musee-russe0.jpg","/image/fr/saint-petersbourg/musee-russe/galery/galery-musee-russe1.jpg","/image/fr/saint-petersbourg/musee-russe/galery/galery-musee-russe2.jpg","/image/fr/saint-petersbourg/musee-russe/galery/galery-musee-russe3.jpg"]', '["12","54","87","98","65","-","12",""]', 4);
INSERT INTO new.excursion (id, city_id, url, popular, h1, title, description, name, detailText, included, excluded, groupSize, price, time, timeGroup, mainImage, previewImage, galery, priceList, pricePerPerson) VALUES (36, 135, 'guidee-ermitage', null, 'Visite du musée de l''Ermitage', 'Visite guidée du musée de l''Ermitage (St Pétersbourg)', 'Visite sans file d''attente du musée de l''Ermitage, un guide francophone, une visite sur mesure ou en mini groupe.  ', 'Visite guidée de l’Ermitage', '<p>Quel musée est à visiter en priorité à Saint-Pétersbourg? Bien sûr, c’est l''Ermitage! L''un des plus grands musées du monde, dont la collection comprend plus de 3 millions d''objets d''art, occupe cinq bâtiments: le Palais d’Hiver, le Petit Ermitage, le Vieil Ermitage, le Nouvel Ermitage et le Théâtre de l''Ermitage. Pendant l’excursion avec notre guide francophone vous verrez:</p>
 <ul>
   <li>Salles d’apparat (la Grande Salle du trône, la Salle aux armoiries)</li>
   <li>Galerie de la guerre 1812</li>
   <li>Escalier de Jourdain</li>
   <li>Salle de Pavillon avec la célèbre horloge « Paon » (merveille d''ingénierie !)</li>
   <li>Secteur de la peinture italienne (Léonard de Vinci, Raphaël, Michel Ange, Caravage)</li>
   <li>Secteur de la peinture hollandaise (Rembrandt)</li>
   <li>et d’autres.</li>
 </ul>
<p>L''Ermitage garde non seulement le précieux patrimoine culturel d''importance mondiale, mais il symbolise également une étape importante de l''histoire de la Russie associée au règne de la dynastie des Romanov. Si vous faites un voyage à Saint-Pétersbourg, ne manquez pas l''occasion unique de voir ce trésor de vos propres yeux!</p>
<h3>L’avantage de partir en excursion avec nous?</h3>
<p>Premièrement, vous ne devrez pas faire la queue pendant plusieurs heures. Avec notre guide, vous économiserez beaucoup de temps et de force en ayant la possibilité d’aller au musée sans attendre.</p>
<p>Deuxièmement, une excursion individuelle avec un guide qualifié expérimenté sera beaucoup plus informative qu''une visite indépendante. De plus, vous pourrez toujours obtenir des réponses à toutes les questions.</p>
<p>Troisièmement, en plus de l''histoire de la collection du musée, le guide pourra partager avec vous des informations pratiques sur la ville, qui vous seront utiles pour le séjour.</p>
<h3>Où se terminera la visite?</h3>
<p>Après avoir découvert l’exposition du programme de l’excursion, le guide vous dira au revoir à l’Ermitage et vous pourrez continuer à explorer la collection du musée par vous-même jusqu’à la fermeture du musée.</p>', '', '', 15, 35, '3', '24', '/image/fr/saint-petersbourg/guidee-ermitage/main-guidee-ermitage.jpg', '/image/fr/saint-petersbourg/guidee-ermitage/preview-guidee-ermitage.jpg', '["/image/fr/saint-petersbourg/guidee-ermitage/galery/galery-guidee-ermitage0.jpg","/image/fr/saint-petersbourg/guidee-ermitage/galery/galery-guidee-ermitage1.jpg","/image/fr/saint-petersbourg/guidee-ermitage/galery/galery-guidee-ermitage2.jpg","/image/fr/saint-petersbourg/guidee-ermitage/galery/galery-guidee-ermitage3.jpg","/image/fr/saint-petersbourg/guidee-ermitage/galery/galery-guidee-ermitage4.jpg","/image/fr/saint-petersbourg/guidee-ermitage/galery/galery-guidee-ermitage5.jpg"]', '["12","54","87","98","65","-","12",""]', 4);
INSERT INTO new.excursion (id, city_id, url, popular, h1, title, description, name, detailText, included, excluded, groupSize, price, time, timeGroup, mainImage, previewImage, galery, priceList, pricePerPerson) VALUES (37, 135, 'ermitage-salle-dor', null, ' Visite du musée de l''Ermitage et la Salle de l''or', 'Visite guidée du musée de l''Ermitage et la Salle de l''or', 'Visite guidée du musée de l''Ermitage et la Salle de l''or. Une visite sur mesure ou en petit groupe. Des guides francophones. Le meilleur rapport qualité-prix.', 'Visite de l’Ermitage et de la Salle d’Or', '<p><b>À noter! Réservation des billets possible jusqu’au 15 du mois précédant votre visite</b></p>
<p>Cette excursion à l''Ermitage est un point obligatoire du programme touristique pour ceux qui se rendent à Saint-Pétersbourg pour la première fois. C’est l’un des plus grands musées du monde, avec une collection de plus de 3 millions d’objets d’exposition occupant cinq bâtiments: le Palais d’Hiver, le Petit Ermitage, le Vieil Ermitage, le Nouvel Ermitage et le Théâtre de l’Ermitage. Accompagné de notre guide francophone, vous visiterez:</p>
<ul>
  <li>Salles d’apparat (la Grande Salle du trône, la Salle aux armoiries)</li>
  <li>Galerie de la guerre 1812</li>
  <li>Escalier de Jourdain</li>
  <li>Salle de Pavillon avec la célèbre horloge « Paon » (merveille d''ingénierie !)</li>
  <li>Secteur de la peinture italienne (Léonard de Vinci, Raphaël, Michel Ange, Caravage)</li>
  <li>Secteur de la peinture hollandaise (Rembrandt)</li>
  <li>et d’autres.</li>
</ul>
<p>Ensuite, vous passerez dans la Salle d’Or, où vous aurez l''occasion de voir des milliers d''œuvres de joaillerie uniques datant du 12ème au 18ème siècle. Vous découvrirez à quoi ressemblaient les produits en or des Scythes et les joailleries antiques de la collection Sibérienne de Pierre le Grand (la première collection archéologique en Russie), quels étaient les luxueux cadeaux diplomatiques reçus par les empereurs russes et pourquoi la micro technique de traitement de l''or des Grecs est considérée comme inégalée et sans équivalent dans le monde entier.</p>

<h3>L’avantage de partir en excursion avec nous?</h3>
<p>Tout d’abord, c’est une excursion unique en français dans la Salle d’Or. L''Hermitage propose des visites uniquement en anglais.</p>
<p>Ensuite, vous ne devrez pas faire la queue pendant plusieurs heures. Avec notre guide, vous économiserez beaucoup de temps et de force en ayant la possibilité d’aller au musée sans attendre.</p>
<p>Finalement, une excursion individuelle avec un guide qualifié expérimenté sera beaucoup plus informative qu''une visite indépendante. De plus, vous pourrez toujours obtenir des réponses à toutes vos questions. En plus de l''histoire de la collection du musée, le guide pourra partager avec vous des informations pratiques sur la ville, qui vous seront utiles pour le séjour.</p>
<h3>Où se terminera la visite?</h3>
<p>Après avoir découvert l’exposition du programme de l’excursion, le guide vous dira au revoir à l’Ermitage et vous pourrez continuer à explorer la collection du musée par vous-même jusqu’à la fermeture du musée.</p>', '', '', 15, 10, '4', '24', '/image/fr/saint-petersbourg/ermitage-salle-dor/main-ermitage-salle-dor.jpg', '/image/fr/saint-petersbourg/ermitage-salle-dor/preview-ermitage-salle-dor.jpg', '["/image/fr/saint-petersbourg/ermitage-salle-dor/galery/galery-ermitage-salle-dor0.jpg","/image/fr/saint-petersbourg/ermitage-salle-dor/galery/galery-ermitage-salle-dor1.jpg","/image/fr/saint-petersbourg/ermitage-salle-dor/galery/galery-ermitage-salle-dor2.jpg","/image/fr/saint-petersbourg/ermitage-salle-dor/galery/galery-ermitage-salle-dor3.jpg","/image/fr/saint-petersbourg/ermitage-salle-dor/galery/galery-ermitage-salle-dor4.jpg"]', '["12","54","87","98","65","-","12",""]', 4);
INSERT INTO new.excursion (id, city_id, url, popular, h1, title, description, name, detailText, included, excluded, groupSize, price, time, timeGroup, mainImage, previewImage, galery, priceList, pricePerPerson) VALUES (38, 135, 'palais-youssoupov', null, 'Visite du Palais Youssoupov', 'Visite guidée du Palais Youssoupov', 'Visite guidée du Palais Youssoupov. Une visite sur mesure ou en petit groupe. Des guides francophones. Le meilleur rapport qualité-prix.', 'Visite du Palais Youssoupov', '<p>Lors de la visite au Palais Youssoupov, avec notre guide francophone, vous verrez les intérieurs luxueux de la maison de la famille la plus riche de Saint-Pétersbourg au début du XXe siècle. Les Youssoupov possédaient quatre palais dans la ville, dont l''un est devenu un musée. La visite vous donnera une idée de la vie des aristocrates les plus influents de Saint-Pétersbourg de l’ère pré révolutionnaire. Vous saurez comment la famille Youssoupov a été liée à la famille impériale des Romanov et vous visiterez les magnifiques escaliers et les salles de cérémonie dans lesquelles à l’époque, se déroulaient les meilleurs bals de la capitale.</p>
<p>Bien entendu, le fait le plus célèbre reliant ce palais à l’histoire de la Russie est l''assassinat de Grigori Raspoutine, commis dans le sous-sol en décembre 1916. Le musée a une exposition dédiée à cet événement. Vous verrez l''atmosphère de cette nuit fatale avec ses participants en cire, et vous apprendrez également tout ce que l''on sait sur ce crime mystérieux, dont l''organisateur principal était Félix Youssoupov, le propriétaire de cette maison sur le quai Moïka.</p>
<h3>L’avantage de partir en excursion avec nous?</h3>
<p>L’excursion avec nous est une occasion unique de faire la visite la plus informative en français dans l’un des musées les plus intéressants de Saint-Pétersbourg. Avec notre guide, vous aurez l''occasion de voir l''exposition du palais à un rythme tranquille, loin des groupes organisés. Vous pourrez toujours poser toutes les questions qui vous intéressent pendant la visite. En plus de l''histoire de l''exposition du musée, le guide pourra partager avec vous des informations pratiques sur la ville, qui vous seront utiles pour le séjour.</p>', '', '', 15, 10, '2', '13', '/image/fr/saint-petersbourg/palais-youssoupov/main-palais-youssoupov.jpg', '/image/fr/saint-petersbourg/palais-youssoupov/preview-palais-youssoupov.jpg', '["/image/fr/saint-petersbourg/palais-youssoupov/galery/galery-palais-youssoupov0.jpg","/image/fr/saint-petersbourg/palais-youssoupov/galery/galery-palais-youssoupov1.jpg","/image/fr/saint-petersbourg/palais-youssoupov/galery/galery-palais-youssoupov2.jpg","/image/fr/saint-petersbourg/palais-youssoupov/galery/galery-palais-youssoupov3.jpg","/image/fr/saint-petersbourg/palais-youssoupov/galery/galery-palais-youssoupov4.jpg","/image/fr/saint-petersbourg/palais-youssoupov/galery/galery-palais-youssoupov5.jpg"]', '["12","54","87","98","65","-","12",""]', 4);
INSERT INTO new.excursion (id, city_id, url, popular, h1, title, description, name, detailText, included, excluded, groupSize, price, time, timeGroup, mainImage, previewImage, galery, priceList, pricePerPerson) VALUES (39, 135, 'musee-ermitage-etat-major', null, 'Visite du musée de l''Ermitage et de l''Etat Major', 'Visite guidée du musée de l''Ermitage et de l''Etat Major', 'Visite guidée du musée de l''Ermitage et de l''Etat Major. Une visite sur mesure ou en petit groupe. Des guides francophones. Le meilleur rapport qualité-prix.', 'Visite du musée de l’Ermitage et de l’Etat Major', '<p>D''abord, pendant la première partie de la visite vous ferez connaissance avec l''Ermitage, le musée principal de Saint-Pétersbourg. L''ensemble de sa collection occupe cinq bâtiments (le Palais d’Hiver, le Petit Ermitage, le Vieil Ermitage, le Nouvel Ermitage et le Théâtre de l''Ermitage) et comprend plus de 3 millions d''objets d’exposition. Notre guide francophone expérimenté vous révélera de nombreux détails sur la vie de la dynastie royale, qui a longtemps vécu dans les murs du Palais, ainsi que des détails sur des peintures inestimables de grands maîtres.</p>
<h3>Qu’est-ce que nous verrons ?</h3>
 <ul>
   <li>Salles d’apparat (la Grande Salle du trône, la Salle aux armoiries)</li>
   <li>Galerie de la guerre 1812</li>
   <li>Escalier de Jourdain</li>
   <li>Salle de Pavillon avec la célèbre horloge « Paon » (merveille d''ingénierie !)</li>
   <li>Secteur de la peinture italienne (Léonard de Vinci, Raphaël, Michel Ange, Caravage)</li>
   <li>Secteur de la peinture hollandaise (Rembrandt)</li>
   <li>et d’autres.</li>
 </ul>
<p>Ensuite, avec le guide, vous traverserez la Place du Palais et vous vous retrouverez dans le bâtiment de l''Etat-major. Ce musée abrite des œuvres de peintres français de la fin du 19ème  et du début du 20ème  siècle. La majeure partie de la collection est occupée par des peintures impressionnistes: Monet, Renoir, Pissarro, Van Gogh, Gauguin, Matisse, Picasso et autres.</p>
<h3>L’avantage de partir en excursion avec nous?</h3>
<p>Premièrement, vous ne devrez pas faire la queue pendant plusieurs heures. Avec notre guide, vous économiserez beaucoup de temps et de force en ayant la possibilité d’aller au musée sans attendre.</p>
<p>Deuxièmement, une excursion individuelle avec un guide qualifié expérimenté sera beaucoup plus informative qu''une visite indépendante. De plus, vous pourrez toujours obtenir des réponses à toutes vos questions.</p>
<p>Troisièmement, en plus de l''histoire de la collection du musée, le guide pourra partager avec vous des informations pratiques sur la ville, qui vous seront utiles pour le séjour.</p>', '', '', 15, 20, '4-5', '13', '/image/fr/saint-petersbourg/musee-ermitage-etat-major/main-musee-ermitage-etat-major.jpg', '/image/fr/saint-petersbourg/musee-ermitage-etat-major/preview-musee-ermitage-etat-major.jpg', '["/image/fr/saint-petersbourg/musee-ermitage-etat-major/galery/galery-musee-ermitage-etat-major0.jpg","/image/fr/saint-petersbourg/musee-ermitage-etat-major/galery/galery-musee-ermitage-etat-major1.jpg","/image/fr/saint-petersbourg/musee-ermitage-etat-major/galery/galery-musee-ermitage-etat-major2.jpg","/image/fr/saint-petersbourg/musee-ermitage-etat-major/galery/galery-musee-ermitage-etat-major3.jpg","/image/fr/saint-petersbourg/musee-ermitage-etat-major/galery/galery-musee-ermitage-etat-major4.jpg","/image/fr/saint-petersbourg/musee-ermitage-etat-major/galery/galery-musee-ermitage-etat-major5.jpg"]', '["12","54","87","98","65","-","12",""]', 4);
INSERT INTO new.excursion (id, city_id, url, popular, h1, title, description, name, detailText, included, excluded, groupSize, price, time, timeGroup, mainImage, previewImage, galery, priceList, pricePerPerson) VALUES (40, 135, 'ermitage-salle-diamants', null, 'Visite du musée de l''Ermitage et la Salle des Diamants', 'Visite guidée du musée de l''Ermitage et la Salle des Diamants', 'Visite guidée du musée de l''Ermitage et la Salle des Diamants. Une visite sur mesure ou en petit groupe. Des guides francophones. Le meilleur rapport qualité-prix.', 'Visite de l’Ermitage et de la Salle d’Or', '<p><b>À noter! Réservation possible des billets jusqu’au 15 du mois précédant votre visite</b></p>
<p>Si vous voyagez à Saint-Pétersbourg pour la première fois, vous devrez absolument visiter l''Ermitage. C’est l’un des plus grands musées du monde, avec une collection de plus de 3 millions d’objets d’exposition occupant cinq bâtiments: le Palais d’Hiver, le Petit Ermitage, le Vieil Ermitage, le Nouvel Ermitage et le Théâtre de l’Ermitage. Accompagné de notre guide francophone, vous visiterez:</p>
 <ul>
   <li>Salles d’apparat (la Grande Salle du trône, la Salle aux armoiries)</li>
   <li>Galerie de la guerre 1812</li>
   <li>Escalier de Jourdain</li>
   <li>Salle de Pavillon avec la célèbre horloge « Paon » (merveille d''ingénierie !)</li>
   <li>Secteur de la peinture italienne (Léonard de Vinci, Raphaël, Michel Ange, Caravage)</li>
   <li>Secteur de la peinture hollandaise (Rembrandt)</li>
   <li>et d’autres.</li>
 </ul>
<p>Ensuite, vous passerez à la Salle des diamants, une des salles de la Galerie des trésors, où sont conservés des objets précieux appartenant à la famille impériale russe. Vous verrez de magnifiques chef-d’oeuvres incrustés de pierres précieuses, des plats en cristal de roche, des œuvres de Karl Fabergé (le bijoutier principal de la cour de l''Empire Russe). Vous saurez également combien de milliers de diamants ornent deux harnachements offerts par Mahmut, sultan de l''Empire Ottoman, au tsar russe Nicolas Ier et quelle légende enveloppe le pendentif du pirate anglais Francis Drake.</p>

<h3>L’avantage de partir en excursion avec nous?</h3>
<p>Tout d’abord, c’est une excursion unique en français dans la Salle des diamants. L''Ermitage propose des visites uniquement en anglais.</p>
<p>Ensuite, vous ne devrez pas faire la queue pendant plusieurs heures. Avec notre guide, vous économiserez beaucoup de temps et de force en ayant la possibilité d’aller au musée sans attendre.</p>
<p>Finalement, une excursion individuelle avec un guide qualifié expérimenté sera beaucoup plus informative qu''une visite indépendante. De plus, vous pourrez toujours obtenir des réponses à toutes vos questions. En plus de l''histoire de la collection du musée, le guide pourra partager avec vous des informations pratiques sur la ville, qui vous seront utiles pour le séjour.</p>
<h3>Où se terminera la visite?</h3>
<p>Après avoir découvert l’exposition du programme de l’excursion, le guide vous dira au revoir à l’Ermitage et vous pourrez continuer à explorer la collection du musée par vous-même jusqu’à la fermeture du musée.</p>', '', '', 15, 20, '4', '13', '/image/fr/saint-petersbourg/ermitage-salle-diamants/main-ermitage-salle-diamants.jpg', '/image/fr/saint-petersbourg/ermitage-salle-diamants/preview-ermitage-salle-diamants.jpg', '["/image/fr/saint-petersbourg/ermitage-salle-diamants/galery/galery-ermitage-salle-diamants0.jpg","/image/fr/saint-petersbourg/ermitage-salle-diamants/galery/galery-ermitage-salle-diamants1.jpg","/image/fr/saint-petersbourg/ermitage-salle-diamants/galery/galery-ermitage-salle-diamants2.jpg","/image/fr/saint-petersbourg/ermitage-salle-diamants/galery/galery-ermitage-salle-diamants3.jpg","/image/fr/saint-petersbourg/ermitage-salle-diamants/galery/galery-ermitage-salle-diamants4.jpg"]', '["12","54","87","98","65","-","12",""]', 4);
INSERT INTO new.excursion (id, city_id, url, popular, h1, title, description, name, detailText, included, excluded, groupSize, price, time, timeGroup, mainImage, previewImage, galery, priceList, pricePerPerson) VALUES (41, 135, 'tour-ville-cathedrale-saint-isaac', null, 'Tour de ville et visite de la cathédrale Saint-Isaac', 'Tour de ville classique avec visite de la cathédrale Saint-Isaac', 'Une visite en voiture avec un guide francophone offre l''occasion de voir les sites touristiques principaux de la ville et de visiter de l''intérieur la cathédrale Saint-Isaac, l''un des symboles de Saint-Pétersbourg.', 'Tour de ville et visite de la cathédrale Saint-Isaac', '<p>S''il s''agit de votre première visite à Saint-Pétersbourg, le tour de ville en voiture avec notre guide francophone expérimenté sera le point de départ parfait pour faire connaissance avec cette magnifique ville-musée. Tout en suivant les points clés de la route touristique, vous apprendrez de nombreux faits intéressants sur l’histoire de Saint-Pétersbourg et ses attractions principales. L’un des bonus intéressants de la visite sera l’opportunité d’apprendre du guide de nombreuses informations pratiques pour votre séjour indépendant.</p>
<h3>Qu’est-ce que nous verrons ?</h3>
<ul>
  <li>l’Amirauté</li>
  <li>Cathédrale Saint-Isaac</li>
  <li>Forteresse Pierre-et-Paul</li>
  <li>Cathédrale Notre-Dame-de-Kazan</li>
  <li>Saint-Sauveur-sur-le-Sang-Versé</li>
  <li>Perspective Nevski</li>
  <li>Cathédrale Smolny</li>
  <li>Place du Palais</li>
  <li>L''île Vasilyevsky</li>
  <li>les plus beaux quais de Saint-Pétersbourg</li>
  <li>et d''autres.</li>
</ul>
<p>Au cours de cette excursion, une visite de la célèbre cathédrale Saint-Isaac est prévue. Vous pourrez voir de l''intérieur la plus grande cathédrale de Saint-Pétersbourg et découvrir quels secrets et quelles légendes entourent l''histoire de la construction de ce chef-d''œuvre architectural inégalé.</p>
<h3>Est-ce que nous allons entrer dans les musées et les cathédrales?</h3>
<p>Avec le guide, vous ne verrez que l’intérieur de la cathédrale Saint-Isaac. Vous pourrez visiter tous les autres sites plus tard par vous-même ou lors d’une de nos autres excursions individuelles.</p>
<h3>Est-ce que nous allons faire des arrêts?</h3>
<p>Oui, il y a plusieurs arrêts pendant la visite, vous aurez donc l''occasion d''admirer tranquillement les plus beaux endroits et de prendre des jolies photos.</p>
<h3>Où se terminera l’excursion?</h3>
<p>Après la visite, le chauffeur vous amènera à votre logement.</p>', '', '', 15, 20, '4', '13', '/image/fr/saint-petersbourg/tour-ville-cathedrale-saint-isaac/main-tour-ville-cathedrale-saint-isaac.jpg', '/image/fr/saint-petersbourg/tour-ville-cathedrale-saint-isaac/preview-tour-ville-cathedrale-saint-isaac.jpg', '["/image/fr/saint-petersbourg/tour-ville-cathedrale-saint-isaac/galery/galery-tour-ville-cathedrale-saint-isaac0.jpg","/image/fr/saint-petersbourg/tour-ville-cathedrale-saint-isaac/galery/galery-tour-ville-cathedrale-saint-isaac1.jpg","/image/fr/saint-petersbourg/tour-ville-cathedrale-saint-isaac/galery/galery-tour-ville-cathedrale-saint-isaac2.jpg"]', '["12","54","87","98","65","-","12",""]', 4);
INSERT INTO new.excursion (id, city_id, url, popular, h1, title, description, name, detailText, included, excluded, groupSize, price, time, timeGroup, mainImage, previewImage, galery, priceList, pricePerPerson) VALUES (42, 135, 'tour-ville-cathedrale-saint-sauveur', null, 'Tour de ville à St Pétersbourg et la visite de l''église Saint Sauveur ', 'Visite guidée de St Pétersbourg et l''église Saint Sauveur ', 'Tour de ville à St Pétersbourg et la visite de l''église Saint Sauveur. Un guide francophone. Une visite sur mesure ou en mini-groupe. Le meilleur rapport qualité/prix.', 'Tour de ville et visite de la cathédrale Saint-Sauveur', '<p>Pour bien découvrir Saint-Pétersbourg, la ville la plus romantique et la plus magnifique de la Russie, il est mieux de commencer par un tour de ville, qui comprend une visite des attractions principales. Notre guide francophone expérimenté vous racontera tout ce qu''il y a de plus intéressant sur les sites historiques et culturels clés de la capitale du Nord russe, tout en partageant des informations pratiques qui vous seront utiles pour le séjour indépendant.</p>
<h3>Qu’est-ce que nous verrons ?</h3>
<ul>
  <li>l’Amirauté</li>
  <li>Cathédrale Saint-Isaac</li>
  <li>Forteresse Pierre-et-Paul</li>
  <li>Cathédrale Notre-Dame-de-Kazan</li>
  <li>Saint-Sauveur-sur-le-Sang-Versé</li>
  <li>Perspective Nevski</li>
  <li>Cathédrale Smolny</li>
  <li>Place du Palais</li>
  <li>L''île Vasilyevsky</li>
  <li>les plus beaux quais de Saint-Pétersbourg</li>
  <li>et d''autres.</li>
</ul>
<p>Le point clé du programme de ce tour de ville sera la visite de la cathédrale la plus colorée de Saint-Pétersbourg : Saint-Sauveur-sur-le-Sang-Versé. Ce chef-d''œuvre d''architecture, construit dans le style néo-russe, orne la ville de sa façade pittoresque et est considéré comme l''un des symboles de la culture russe. Vous verrez l''intérieur de la cathédrale, qui n''a pas d''analogues dans le monde: ses murs sont recouverts de mosaïques uniques d''une superficie totale de plus de 7 000 m2.</p>
<h3>Est-ce que nous allons entrer dans les musées et les cathédrales?</h3>
<p>Avec le guide, vous ne verrez que l’intérieur de la cathédrale Saint-Sauveur. Vous pourrez visiter tous les autres sites plus tard par vous-même ou lors d’une de nos autres excursions individuelles.</p>
<h3>Est-ce que nous allons faire des arrêts?</h3>
<p>Oui, il y a plusieurs arrêts pendant la visite, vous aurez donc l''occasion d''admirer tranquillement les plus beaux endroits et de prendre de jolies photos.</p>
<h3>Où se terminera l’excursion?</h3>
<p>Après la visite, le chauffeur vous amènera à votre logement.</p>', '', '', 15, 12, '4', '123', '/image/fr/saint-petersbourg/tour-ville-cathedrale-saint-sauveur/main-tour-ville-cathedrale-saint-sauveur.jpg', '/image/fr/saint-petersbourg/tour-ville-cathedrale-saint-sauveur/preview-tour-ville-cathedrale-saint-sauveur.jpg', '["/image/fr/saint-petersbourg/tour-ville-cathedrale-saint-sauveur/galery/galery-tour-ville-cathedrale-saint-sauveur0.jpg","/image/fr/saint-petersbourg/tour-ville-cathedrale-saint-sauveur/galery/galery-tour-ville-cathedrale-saint-sauveur1.jpg","/image/fr/saint-petersbourg/tour-ville-cathedrale-saint-sauveur/galery/galery-tour-ville-cathedrale-saint-sauveur2.jpg"]', '["12","54","87","98","65","-","12",""]', 4);
INSERT INTO new.excursion (id, city_id, url, popular, h1, title, description, name, detailText, included, excluded, groupSize, price, time, timeGroup, mainImage, previewImage, galery, priceList, pricePerPerson) VALUES (43, 135, 'tour-ville-nocturne', null, 'Tour de ville nocturne', 'Tour de ville nocturne à Saint-Pétersbourg en français', 'Tour de ville nocturne, au cours duquel il sera possible de voir la levée des ponts. La visite est accompagnée par un guide francophone et comprend une visite de toutes les attractions principales de la ville.', 'Tour de ville nocturne', '<h2>À noter! VISITE VALABLE DU 1er MAI AU 30 SEPTEMBRE</h2>
<p>Au cours de cette visite, vous verrez Saint-Pétersbourg mise en valeur par les éclairages. Avec notre guide francophone expérimenté, vous passerez en voiture autour des principaux monuments architecturaux de la ville, encore plus majestueux et magnifiques la nuit.</p>
<h3>Qu’est-ce que nous verrons?</h3>
<ul>
 <li>l’Amirauté</li>
 <li>Cathédrale Saint-Isaac</li>
 <li>Forteresse Pierre-et-Paul</li>
 <li>Cathédrale Notre-Dame-de-Kazan</li>
 <li>Saint-Sauveur-sur-le-Sang-Versé</li>
 <li>Perspective Nevski</li>
 <li>Cathédrale Smolny</li>
 <li>Place du Palais</li>
 <li>les plus beaux quais de Saint-Pétersbourg</li>
 <li>et d''autres.</li>
</ul>
<p>L’avantage principal de cette excursion sera l’opportunité de voir la levée des ponts. Ce spectacle époustouflant est l’un des divertissements préférés chez les voyageurs et les habitants de Saint-Pétersbourg. Les énormes constructions en béton armé, comme par magie, sont mises en mouvement et en quelques minutes, elles pendent verticalement au-dessus de la Neva, ouvrant la voie à de grands navires.</p>
<p>Si vous vous rendez à Saint-Pétersbourg de mi-mai à mi-juillet, vous pourrez alors observer un phénomène naturel unique, les Nuits Blanches. Après le coucher du soleil, la nuit ne couvre pas complètement la ville et tout autour elle est comme enveloppée d’un voile rose pâle. C’est une période superbe dont vous vous souviendrez pour toujours!</p>
<h3>Est-ce que nous allons faire des arrêts?</h3>
<p>Oui, il y a plusieurs arrêts pendant la visite, vous aurez donc l''occasion d''admirer tranquillement les plus beaux endroits et de prendre de jolies photos.</p>
<h3>Où se terminera l’excursion?</h3>
<p>Après la visite, le chauffeur vous amènera à votre logement.</p>', '', '', 15, 15, '2', '123', '/image/fr/saint-petersbourg/tour-ville-nocturne/main-tour-ville-nocturne.jpg', '/image/fr/saint-petersbourg/tour-ville-nocturne/preview-tour-ville-nocturne.jpg', '["/image/fr/saint-petersbourg/tour-ville-nocturne/galery/galery-tour-ville-nocturne0.jpg","/image/fr/saint-petersbourg/tour-ville-nocturne/galery/galery-tour-ville-nocturne1.jpg","/image/fr/saint-petersbourg/tour-ville-nocturne/galery/galery-tour-ville-nocturne2.jpg","/image/fr/saint-petersbourg/tour-ville-nocturne/galery/galery-tour-ville-nocturne3.jpg","/image/fr/saint-petersbourg/tour-ville-nocturne/galery/galery-tour-ville-nocturne4.jpg"]', '["12","54","87","98","65","-","12",""]', 4);
INSERT INTO new.excursion (id, city_id, url, popular, h1, title, description, name, detailText, included, excluded, groupSize, price, time, timeGroup, mainImage, previewImage, galery, priceList, pricePerPerson) VALUES (44, 135, 'tour-ville-marche-local', null, 'Tour de ville de Saint-Pétersbourg et la visite d''un marché local', 'Tour de ville de St Pétersbourg et la visite d''un marché local', 'Découvrez St-Pétersbourg et visitez un marché local. Une visite sur mesure ou en mini groupe. Des guides francophones. Le meilleur rapport qualité/pix. ', 'Tour de ville et visite du marché local', '<p>Ce tour de ville vous permettra de voir à la fois deux facettes de Saint-Pétersbourg: la beauté poétique et officielle de la capitale du Nord et la vie quotidienne prosaïque des pétersbourgeois. Tout d''abord, avec un guide francophone expérimenté, vous vous familiarisez avec les curiosités principales et découvrirez de nombreux faits intéressants sur l''histoire de la ville.</p>
<h3>Qu’est-ce que nous verrons ?</h3>
<ul>
 <li>l’Amirauté</li>
 <li>Cathédrale Saint-Isaac</li>
 <li>Forteresse Pierre-et-Paul</li>
 <li>Cathédrale Notre-Dame-de-Kazan</li>
 <li>Saint-Sauveur-sur-le-Sang-Versé</li>
 <li>Perspective Nevski</li>
 <li>Cathédrale Smolny</li>
 <li>Place du Palais</li>
 <li>L''île Vasilyevsky</li>
 <li>les plus beaux quais de Saint-Pétersbourg</li>
 <li>et d''autres.</li>
</ul>
<p>Ensuite, vous visiterez l''un des meilleurs marchés du centre-ville pour vous immerger dans l''atmosphère du quotidien à Saint-Pétersbourg. Vous verrez quels produits sont vendus sur les étals locaux et découvrirez les particularités des habitudes alimentaires russes.</p>
<h3>Est-ce que nous allons entrer dans les musées et les cathédrales?</h3>
<p>Non, il s’agit d’une visite guidée dont le but est de donner une idée générale de la ville. Vous pourrez visiter tous ces sites plus tard par vous-même ou lors d’une de nos autres excursions individuelles.</p>
<h3>Est-ce que nous allons faire des arrêts?</h3>
<p>Oui, il y a plusieurs arrêts pendant la visite, vous aurez donc l''occasion d''admirer tranquillement les plus beaux endroits et de prendre de jolies photos.</p>
<h3>Où se terminera l’excursion?</h3>
<p>Après la visite, le chauffeur vous amènera à votre logement.</p>', '', '', 15, 9, '4', '123', '/image/fr/saint-petersbourg/tour-ville-marche-local/main-tour-ville-marche-local.jpg', '/image/fr/saint-petersbourg/tour-ville-marche-local/preview-tour-ville-marche-local.jpg', '["/image/fr/saint-petersbourg/tour-ville-marche-local/galery/galery-tour-ville-marche-local0.jpg","/image/fr/saint-petersbourg/tour-ville-marche-local/galery/galery-tour-ville-marche-local1.jpg","/image/fr/saint-petersbourg/tour-ville-marche-local/galery/galery-tour-ville-marche-local2.jpg"]', '["12","54","87","98","65","-","12",""]', 4);
INSERT INTO new.excursion (id, city_id, url, popular, h1, title, description, name, detailText, included, excluded, groupSize, price, time, timeGroup, mainImage, previewImage, galery, priceList, pricePerPerson) VALUES (45, 135, 'tour-ville-forteresse-pierre-paul', null, 'Tour de ville à St Pétersbourg et la visite de la Forteresse Pierre et Paul', 'Visite guidée de St Pétersbourg et la Forteresse Pierre et Paul ', 'Tour de ville à St Pétersbourg et la visite de la Forteresse Pierre et Paul. Un guide francophone. Une visite sur mesure ou en mini-groupe. Le meilleur rapport qualité/prix.', 'Tour de ville et visite de la forteresse Pierre-et-Paul', '<p>Cette visite est parfaite pour ceux qui sont venus pour la première fois à Saint-Pétersbourg et veulent avoir une idée complète de la ville, ainsi que savoir où se trouvent ses attractions principales et ses plus beaux endroits. Notre guide francophone expérimenté vous racontera de nombreux faits intéressants sur l’histoire de Saint-Pétersbourg et donnera des informations pratiques qui vous seront utiles lors de la découverte indépendante de la capitale culturelle de la Russie.</p>
<h3>Qu’est-ce que nous verrons ?</h3>
<ul>
 <li>l’Amirauté</li>
 <li>Cathédrale Saint-Isaac</li>
 <li>Forteresse Pierre-et-Paul</li>
 <li>Cathédrale Notre-Dame-de-Kazan</li>
 <li>Saint-Sauveur-sur-le-Sang-Versé</li>
 <li>Perspective Nevski</li>
 <li>Cathédrale Smolny</li>
 <li>Place du Palais</li>
 <li>L''île Vasilyevsky</li>
 <li>les plus beaux quais de Saint-Pétersbourg</li>
 <li>et d''autres.</li>
</ul>
<p>Au cours de ce tour de ville, la visite guidée de la forteresse Pierre-et-Paul est prévue. La chose la plus importante à connaître à propos de cette attraction est que c’est ici que l’histoire de la ville la plus romantique et charmante de la Russie a commencé. Vous verrez la célèbre cathédrale Pierre-et-Paul avec sa flèche surmontée d''une figure d''ange, qui sert aujourd’hui de sépulture aux monarques russes. Vous pourrez bien sûr profiter d''une vue panoramique spectaculaire sur la Neva et l''Ermitage. Si vous avez de la chance et que la visite a lieu à midi, vous pourrez également entendre un coup de canon (il s''agit d''une ancienne tradition qui existe depuis l''époque de Pierre le Grand).</p>
<h3>Est-ce que nous allons entrer dans les musées et les cathédrales?</h3>
<p>Avec le guide, vous ne verrez que l’intérieur la forteresse Pierre-et-Paul. Vous pourrez visiter tous les autres sites plus tard par vous-même ou lors d’une de nos autres excursions individuelles.</p>
<h3>Est-ce que nous allons faire des arrêts?</h3>
<p>Oui, il y a plusieurs arrêts pendant la visite, vous aurez donc l''occasion d''admirer tranquillement les plus beaux endroits et de prendre des jolies photos.</p>
<h3>Où se terminera l’excursion?</h3>
<p>Après la visite, le chauffeur vous amènera à votre logement.</p>', '', '', 15, 65, '4-5', '3', '/image/fr/saint-petersbourg/tour-ville-forteresse-pierre-paul/main-tour-ville-forteresse-pierre-paul.jpg', '/image/fr/saint-petersbourg/tour-ville-forteresse-pierre-paul/preview-tour-ville-forteresse-pierre-paul.jpg', '["/image/fr/saint-petersbourg/tour-ville-forteresse-pierre-paul/galery/galery-tour-ville-forteresse-pierre-paul0.jpg","/image/fr/saint-petersbourg/tour-ville-forteresse-pierre-paul/galery/galery-tour-ville-forteresse-pierre-paul1.jpg","/image/fr/saint-petersbourg/tour-ville-forteresse-pierre-paul/galery/galery-tour-ville-forteresse-pierre-paul2.jpg","/image/fr/saint-petersbourg/tour-ville-forteresse-pierre-paul/galery/galery-tour-ville-forteresse-pierre-paul3.jpg"]', '["12","54","87","98","65","-","12",""]', 4);
INSERT INTO new.excursion (id, city_id, url, popular, h1, title, description, name, detailText, included, excluded, groupSize, price, time, timeGroup, mainImage, previewImage, galery, priceList, pricePerPerson) VALUES (46, 135, 'tour-ville-musee-ermitage', null, 'Tour de ville à St Pétersbourg et la visite du musée de l''Ermitage ', 'Visite guidée de St-Pétersbourg et le musée de l''Ermitage ', 'Tour de ville à St Pétersbourg et la visite du musée de l''Ermitage. Un guide francophone. Une visite sur mesure ou en mini-groupe. Le meilleur rapport qualité/prix.', 'Tour de ville et visite du musée de l’Ermitage', '<p>Le programme de ce tour de ville est parfait pour que votre première connaissance de Saint-Pétersbourg soit la plus complète possible: avec notre guide francophone expérimenté, vous passerez autour des curiosités principales et des endroits les plus beaux de la ville. Vous découvrirez de nombreux faits intéressants sur l''histoire de la capitale du nord de la Russie, ainsi que de nombreuses informations pratiques qui vous seront utiles pour le séjour indépendant.</p>
<h3>Qu’est-ce que nous verrons ?</h3>
<ul>
 <li>l’Amirauté</li>
 <li>Cathédrale Saint-Isaac</li>
 <li>Forteresse Pierre-et-Paul</li>
 <li>Cathédrale Notre-Dame-de-Kazan</li>
 <li>Saint-Sauveur-sur-le-Sang-Versé</li>
 <li>Perspective Nevski</li>
 <li>Cathédrale Smolny</li>
 <li>Place du Palais</li>
 <li>L''île Vasilyevsky</li>
 <li>les plus beaux quais de Saint-Pétersbourg</li>
 <li>et d''autres.</li>
</ul>
<p>À la fin de la partie principale du tour de ville, avec le guide, vous irez à l''Ermitage pour voir de vos propres yeux l''un des plus grands musées du monde, qui compte plus de 3 millions d''objets d’exposition! Vous visiterez le magnifique Palais d''Hiver (l''Escalier du Jourdain, la salle du trône, les intérieurs royaux luxuriants), le secteur de la peinture italienne (Léonard de Vinci, Raphaël, Michel-Ange, Caravage) et le secteur de la peinture néerlandaise (Rembrandt), la salle du Pavillon du Petit Ermitage avec son horloge « Paon » unique. Ensuite, vous pourrez rester dans le musée jusqu''à la fermeture et continuer à explorer l''exposition par vous-même.</p>
<h3>Est-ce que nous allons entrer dans les musées et les cathédrales?</h3>
<p>Avec le guide de l''intérieur, vous ne verrez que l’Ermitage. Vous pourrez visiter tous les autres sites plus tard par vous-même ou lors d’une de nos autres excursions individuelles.</p>
<h3>Est-ce que nous allons faire des arrêts?</h3>
<p>Oui, il y a plusieurs arrêts pendant la visite, vous aurez donc l''occasion d''admirer tranquillement les plus beaux endroits et de prendre de jolies photos.</p>
<h3>Où se terminera l’excursion?</h3>
<p>La visite se termine à l’Ermitage (le transfert en véhicule n’est pas prévu).</p>', '', '', 15, 89, '5', '3', '/image/fr/saint-petersbourg/tour-ville-musee-ermitage/main-tour-ville-musee-ermitage.jpg', '/image/fr/saint-petersbourg/tour-ville-musee -ermitage/preview-tour-ville-musee -ermitage.jpg', '["/image/fr/saint-petersbourg/tour-ville-musee -ermitage/galery/galery-tour-ville-musee -ermitage0.jpg","/image/fr/saint-petersbourg/tour-ville-musee -ermitage/galery/galery-tour-ville-musee -ermitage1.jpg","/image/fr/saint-petersbourg/tour-ville-musee -ermitage/galery/galery-tour-ville-musee -ermitage2.jpg","/image/fr/saint-petersbourg/tour-ville-musee -ermitage/galery/galery-tour-ville-musee -ermitage3.jpg","/image/fr/saint-petersbourg/tour-ville-musee -ermitage/galery/galery-tour-ville-musee -ermitage4.jpg","/image/fr/saint-petersbourg/tour-ville-musee -ermitage/galery/galery-tour-ville-musee -ermitage5.jpg","/image/fr/saint-petersbourg/tour-ville-musee -ermitage/galery/galery-tour-ville-musee -ermitage6.jpg"]', '["12","54","87","98","65","-","12",""]', 4);
INSERT INTO new.excursion (id, city_id, url, popular, h1, title, description, name, detailText, included, excluded, groupSize, price, time, timeGroup, mainImage, previewImage, galery, priceList, pricePerPerson) VALUES (47, 135, 'tour-ville-bateau-avec-audio-guide', null, 'Promenade en bateau à St Pétersbourg', 'Tour en bateau à Saint-Pétersbourg', 'Profitez d''une promenade en bateau à Saint-Pétersbourg, admirez la beauté de la ville, ses caneaux et ses ponts. Une visite avec un audioguide.', 'Tour de ville en bateau avec un audio-guide', '<h3>À noter:</h3>
<p><b>Visite valable du 1er mai au 30 octobre <br>
    Cette visite peut être annulée selon les conditions météorologiques.</b></p>
<p>Ce tour de ville en bateau sur les rivières et les canaux de Saint-Pétersbourg vous permettra d''apprécier pleinement la beauté de la Venise du Nord. Vous verrez les façades somptueuses des palais et les ensembles architecturaux élégants sous un angle différent. Le moment le plus excitant de la promenade sera l’entrée dans la zone d’eau de la Neva, qui impressionne par son ampleur et la magnificence des vues ouvrantes.</p>
<h3>Par quels rivières et canaux le bateau passera-t-il?</h3>
<p>L''embarquement se fait sur le quai près de l''Ermitage (quai Moika, 26), puis le bateau passe par la <b>Neva</b>, le <b>Canal d''hiver</b>, la <b>Fontanka</b> et la <b>Moika</b>.</p>
<h3>Où se terminera la balade?</h3>
<p>À la fin de l''excursion, le bateau arrive à l''embarcadère de départ.</p>
<h3>Combien ça coûte?</h3>
<p>19 euros par personne (audioguide français inclus dans le prix).</p>
<h3>À quelle heure peut-on commencer?</h3>
<p>Le début de l’excursion peut être à: 13h00, 14h00, 15h00, 16h00, 17h00, 19h00. Du 1er  juin au 1er  septembre, il est également possible de commencer à 21h00.</p>', '', '', 50, 78, '1', '3', '/image/fr/saint-petersbourg/tour-ville-bateau-avec-audio-guide/main-tour-ville-bateau-avec-audio-guide.jpg', '/image/fr/saint-petersbourg/tour-ville-bateau-avec-audio-guide/preview-tour-ville-bateau-avec-audio-guide.jpg', '["/image/fr/saint-petersbourg/tour-ville-bateau-avec-audio-guide/galery/galery-tour-ville-bateau-avec-audio-guide0.jpg","/image/fr/saint-petersbourg/tour-ville-bateau-avec-audio-guide/galery/galery-tour-ville-bateau-avec-audio-guide1.jpg","/image/fr/saint-petersbourg/tour-ville-bateau-avec-audio-guide/galery/galery-tour-ville-bateau-avec-audio-guide2.jpg","/image/fr/saint-petersbourg/tour-ville-bateau-avec-audio-guide/galery/galery-tour-ville-bateau-avec-audio-guide3.jpg","/image/fr/saint-petersbourg/tour-ville-bateau-avec-audio-guide/galery/galery-tour-ville-bateau-avec-audio-guide4.jpg"]', '["12","54","87","98","65","-","12",""]', 4);
INSERT INTO new.excursion (id, city_id, url, popular, h1, title, description, name, detailText, included, excluded, groupSize, price, time, timeGroup, mainImage, previewImage, galery, priceList, pricePerPerson) VALUES (48, 135, 'tour-ville-pied', null, 'Visite à pied "Découverte de St-Pétersbourg"', 'Saint-Pétersbourg: Visite à pied', 'Admirez les plus belles rues et les incontournables de St-Pétersbourg en compagnie d''un guide francophone. Des visites sur mesure ou en petit groupe. Le meilleur rapport qualité-prix.', 'Tour de ville à pied “Première découverte”', '<p><b>À noter: Excursion valable du 1 mai au 15 octobre.</b></p>
<p><b>* Nous vous conseillons d’effectuer cette excursion le jour de votre arrivée à Saint-Pétersbourg.</b></p>
<p>Ce tour de ville est parfait pour découvrir Saint-Pétersbourg le jour de votre arrivée. Dès les premières minutes, vous ressentirez l''atmosphère créative et unique de la capitale culturelle de la Russie et verrez les attractions principales situées au cœur de la ville. Notre guide francophone expérimenté vous racontera non seulement beaucoup de choses intéressantes sur l''histoire de Saint-Pétersbourg, ses secrets et ses légendes, mais vous fera également partager des informations pratiques qui vous seront utiles ensuite pour le séjour (meilleurs restaurants, bureaux de change, magasins, etc.)</p>
<h3>Qu’est-ce que nous verrons ?</h3>
<ul>
 <li>Perspective Nevsky</li>
 <li>Eglise Notre Dame de Kazan</li>
 <li>Librairie Singer</li>
 <li>Place du palais</li>
 <li>Quais de la Neva</li>
 <li>Canal d’Hiver</li>
 <li>La Moika</li>
</ul>
<h3>Est-ce que nous allons entrer dans les musées et les cathédrales?</h3>
<p>Normalement non, car il s’agit d’un tour de ville dont le but est de donner une idée générale de la ville. Mais parfois, en accord avec le guide ou en cas de pluie, il sera possible de se rendre à certains endroits (Notre Dame de Kazan, Maison Singer, etc.). Vous pourrez visiter tous les sites plus tard par vous-même ou lors d’une de nos autres excursions individuelles.</p>', '', '', 6, 98, '2', '3', '/image/fr/saint-petersbourg/tour-ville-pied/main-tour-ville-pied.jpg', '/image/fr/saint-petersbourg/tour-ville-pied/preview-tour-ville-pied.jpg', '["/image/fr/saint-petersbourg/tour-ville-pied/galery/galery-tour-ville-pied0.jpg","/image/fr/saint-petersbourg/tour-ville-pied/galery/galery-tour-ville-pied1.jpg","/image/fr/saint-petersbourg/tour-ville-pied/galery/galery-tour-ville-pied2.jpg","/image/fr/saint-petersbourg/tour-ville-pied/galery/galery-tour-ville-pied3.jpg","/image/fr/saint-petersbourg/tour-ville-pied/galery/galery-tour-ville-pied4.jpg","/image/fr/saint-petersbourg/tour-ville-pied/galery/galery-tour-ville-pied5.jpg"]', '["12","54","87","98","65","-","12",""]', 4);
INSERT INTO new.excursion (id, city_id, url, popular, h1, title, description, name, detailText, included, excluded, groupSize, price, time, timeGroup, mainImage, previewImage, galery, priceList, pricePerPerson) VALUES (49, 135, 'tour-ville-classique', null, 'Tour de ville à St-Pétersbourg', 'Tour de ville classique à St-Pétersbourg', 'Tour de ville pour découvrir St-Pétersbourg en compagnie d''un guide francophone. Une visite sur mesure ou en mini-groupe. Le meilleur rapport qualité/prix.', 'Tour de ville classique à Saint-Pétersbourg', '<p>Êtes-vous pour la première fois à Saint-Pétersbourg? Voulez-vous savoir où se trouvent les attractions principales et par où commencer la découverte de la ville? Alors, ce qu’il vous faut de toute urgence c’est notre tour de ville classique avec un guide francophone qui connaît tout! En trois heures, vous verrez les  principaux lieux touristiques de la Capitale du Nord de la Russie et vous aurez de nombreuses idées pour ensuite explorer davantage la ville de manière indépendante. Notre guide expérimenté partagera non seulement des faits intéressants sur l''histoire de Saint-Pétersbourg, mais également des infos pratiques pour votre séjour.</p>
<h3>Qu’est-ce que nous verrons ?</h3>
 <ul>
   <li>l’Amirauté</li>
   <li>Cathédrale Saint-Isaac</li>
   <li>Forteresse Pierre-et-Paul</li>
   <li>Cathédrale Notre-Dame-de-Kazan</li>
   <li>Saint-Sauveur-sur-le-Sang-Versé</li>
   <li>Perspective Nevski</li>
   <li>Cathédrale Smolny</li>
   <li>Place du Palais</li>
   <li>L''île Vasilyevsky</li>
   <li>les plus beaux quais de Saint-Pétersbourg</li>
   <li>et d''autres.</li>
 </ul>
<h3>Est-ce que nous allons entrer dans les musées et les cathédrales?</h3>
<p>Non, il s’agit d’une visite guidée dont le but est de donner une idée générale de la ville. Vous pourrez visiter tous ces sites plus tard par vous-même ou lors d’une de nos autres excursions individuelles.</p>
<h3>Est-ce que nous allons faire des arrêts?</h3>
<p>Oui, il y a plusieurs arrêts pendant la visite, vous aurez donc l''occasion d''admirer tranquillement les plus beaux endroits et de prendre des jolies photos.</p>
<h3>Où se terminera l’excursion?</h3>
<p>Après la visite, le chauffeur vous amènera à votre logement.</p>', '', '', 15, 545, '3', '3', '/image/fr/saint-petersbourg/tour-ville-classique/main-tour-ville-classique.jpg', '/image/fr/saint-petersbourg/tour-ville-classique/preview-tour-ville-classique.jpg', '["/image/fr/saint-petersbourg/tour-ville-classique/galery/galery-tour-ville-classique0.jpg","/image/fr/saint-petersbourg/tour-ville-classique/galery/galery-tour-ville-classique1.jpg","/image/fr/saint-petersbourg/tour-ville-classique/galery/galery-tour-ville-classique2.jpg","/image/fr/saint-petersbourg/tour-ville-classique/galery/galery-tour-ville-classique3.jpg"]', '["12","54","87","98","65","-","12",""]', 4);
INSERT INTO new.excursion (id, city_id, url, popular, h1, title, description, name, detailText, included, excluded, groupSize, price, time, timeGroup, mainImage, previewImage, galery, priceList, pricePerPerson) VALUES (50, 135, 'autour-places-centrales', null, 'Visites des Places Centrales de St-Pétersbourg', 'Visites guidées des Places Centrales de St-Pétersbourg', 'Découvrez des sites emblématiques de Saint-Pétersbourg. Une visite sur mesure ou en petit groupe. Des guides francophones, le meilleur rapport qualité/prix. ', 'Autour des places centrales', '<p><b>À noter: Excursion valable du 1 mai au 15 octobre.</b></p>

<p>Cette petite promenade dans les environs de la place du Palais vous permettra de découvrir le cœur même de Saint-Pétersbourg. Notre guide francophone vous montrera les principaux bâtiments de l''Ermitage, les vieilles maisons de la rue Millionnaya, le quai en granit de la Neva et le quai de la rivière Moïka. La visite vous donnera une idée générale de la partie la plus centrale de la ville et vous permettra d''apprendre de nombreux faits historiques intéressants sur les principales attractions de cet arrondissement.</p>

<h3>L’avantage de partir en excursion avec nous?</h3>
<p>Une excursion individuelle avec un guide qualifié et expérimenté sera beaucoup plus informative qu''une visite indépendante. Vous pourrez toujours obtenir des réponses à toutes les questions, ainsi que de nombreuses informations pratiques sur la ville, qui vous seront utiles pour continuer le séjour.</p>', '', '', 6, 33, '2', '32', '/image/fr/saint-petersbourg/autour-places-centrales/main-autour-places-centrales.jpg', '/image/fr/saint-petersbourg/autour-places-centrales/preview-autour-places-centrales.jpg', '["/image/fr/saint-petersbourg/autour-places-centrales/galery/galery-autour-places-centrales0.jpg","/image/fr/saint-petersbourg/autour-places-centrales/galery/galery-autour-places-centrales1.jpg","/image/fr/saint-petersbourg/autour-places-centrales/galery/galery-autour-places-centrales2.jpg","/image/fr/saint-petersbourg/autour-places-centrales/galery/galery-autour-places-centrales3.jpg","/image/fr/saint-petersbourg/autour-places-centrales/galery/galery-autour-places-centrales4.jpg","/image/fr/saint-petersbourg/autour-places-centrales/galery/galery-autour-places-centrales5.jpg","/image/fr/saint-petersbourg/autour-places-centrales/galery/galery-autour-places-centrales6.jpg"]', '["12","54","87","98","65","-","12",""]', 4);
INSERT INTO new.excursion (id, city_id, url, popular, h1, title, description, name, detailText, included, excluded, groupSize, price, time, timeGroup, mainImage, previewImage, galery, priceList, pricePerPerson) VALUES (51, 135, 'autour-amiraute', null, 'Visite guidée "Autour de l''Amirauté"', 'Autour de l''Amirauté avec un guide privé', 'Découvrez un quartier historique de Saint-Pétersbourg lors d'' une promenade autour l''Amirauté. Une visite sur mesure ou en mini-groupe. Le meilleur rapport qualité/prix.', 'Autour de l’Amirauté', '<p><b>À noter: Excursion valable du 1 mai au 15 octobre.</b></p>
<p>L''Amirauté est l''une des principales attractions de la ville et le navire qui couronne sa flèche est considéré comme l''un des symboles historiques de Saint-Pétersbourg. Nous vous suggérons de commencer votre découverte de la capitale du nord de la Russie à partir de là: avec notre guide francophone expérimenté, vous pourrez vous promener autour des curiosités dans les environs.</p>
<p>Vous verrez le jardin Alexandre, la Place du Palais, le Cavalier d''Airain, la cathédrale Saint-Isaac, les quais de granit de la Neva et le magnifique panorama s''ouvrant sur leurs rivages. La promenade est parfaite pour une première journée à Saint-Pétersbourg.</p>
<h3>L’avantage de partir en excursion avec nous?</h3>
<p>Une excursion individuelle avec un guide qualifié et expérimenté sera beaucoup plus informative qu''une visite indépendante. Vous pourrez toujours obtenir des réponses à toutes les questions qui vous intéressent, ainsi que de nombreuses informations pratiques sur la ville, qui vous seront utiles pour continuer le séjour.</p>', '', '', 6, 12, '2', '32', '/image/fr/saint-petersbourg/autour-amiraute/main-autour-amiraute.jpg', '/image/fr/saint-petersbourg/autour-amiraute/preview-autour-amiraute.jpg', '["/image/fr/saint-petersbourg/autour-amiraute/galery/galery-autour-amiraute0.jpg","/image/fr/saint-petersbourg/autour-amiraute/galery/galery-autour-amiraute1.jpg","/image/fr/saint-petersbourg/autour-amiraute/galery/galery-autour-amiraute2.jpg","/image/fr/saint-petersbourg/autour-amiraute/galery/galery-autour-amiraute3.jpg"]', '["12","54","87","98","65","-","12",""]', 4);
INSERT INTO new.excursion (id, city_id, url, popular, h1, title, description, name, detailText, included, excluded, groupSize, price, time, timeGroup, mainImage, previewImage, galery, priceList, pricePerPerson) VALUES (52, 135, 'perspective-nevski', null, 'Visite de la Perspective Nevski', 'Visite guidée de la Perspective Nevski', 'Découvrez la rue principale de Saint-Pétersbourg, la perspective Nevski. Une visite sur mesure ou en petit groupe. Des guides francophones, le meilleur rapport qualité/prix. ', 'Perspective Nevski', '<p><b>À noter: Excursion valable du 1 mai au 15 octobre.</b></p>
<p>La perspective Nevski est la rue centrale de Saint-Pétersbourg, son âme et son artère principale. Lors de cette promenade avec notre guide francophone, vous marcherez dans sa partie centrale et vous pourrez voir les principaux sites touristiques de la ville situés ici. Vous verrez l’Amirauté, la cathédrale Notre Dame de Kazan, la Maison Singer, Saint-Sauveur-sur-le-Sang-Versé, l’épicerie fine Eliseevsky, ainsi que de nombreuses maisons historiques et autres monuments architecturaux.</p>
<p>Cette visite peut constituer un bon début pour votre première connaissance de la ville et vous donnera beaucoup d’idées pour une découverte indépendante de ses attractions ultérieurement.</p>
<h3>L’avantage de partir en excursion avec nous?</h3>
<p>Une excursion individuelle avec un guide qualifié et expérimenté sera beaucoup plus informative qu''une visite indépendante. Vous pourrez toujours obtenir des réponses à toutes les questions, ainsi que de nombreuses informations pratiques sur la ville, qui vous seront utiles pour continuer le séjour.</p>', '', '', 6, 23, '2', '32', '/image/fr/saint-petersbourg/perspective-nevski/main-perspective-nevski.jpg', '/image/fr/saint-petersbourg/perspective-nevski/preview-perspective-nevski.jpg', '["/image/fr/saint-petersbourg/perspective-nevski/galery/galery-perspective-nevski0.jpg","/image/fr/saint-petersbourg/perspective-nevski/galery/galery-perspective-nevski1.jpg","/image/fr/saint-petersbourg/perspective-nevski/galery/galery-perspective-nevski2.jpg","/image/fr/saint-petersbourg/perspective-nevski/galery/galery-perspective-nevski3.jpg","/image/fr/saint-petersbourg/perspective-nevski/galery/galery-perspective-nevski4.jpg"]', '["12","54","87","98","65","-","12",""]', 4);